pl_name,pl_orbper,pl_orbpererr1,pl_tranmid,pl_tranmiderr1,pl_orbsmax,pl_orbsmaxerr1,pl_radj,pl_radjerr1,pl_orbincl,pl_orbinclerr1,pl_orbeccen,pl_orbeccenerr1,pl_orblper,pl_orblpererr1,Transits,Date,Archive
55 Cnc e,0.736545983680097,4.3765591166715e-07,2457063.20810572,0.0010869243648789998,0.015169250872671004,0.0007655094035820001,0.019218536914796,0.000124384530673,80.74028276210159,0.354274609110781,0.20936356817261487,0.017549214737301998,252.061399381913,9.139176559492249,34,28-Feb-2021 10:41:44,NASA
CoRoT-1 b,1.50896835389611,4.65177297240905e-07,2454159.45424653,0.001466644593437,0.026240819561675,0.001324184453297,0.14120934166015806,0.000511802972595,86.36791177316792,0.326087857729195,0.0,0.0,90.0,0.0,29,28-Feb-2021 01:43:29,NASA
CoRoT-7 b,0.853562000354268,8.637494057276141e-07,2454398.07680179,0.0014529011483499998,0.017337303529703,0.0008791647753660001,0.019310303421329,0.0010161449351729999,77.220712274501,0.165093156401495,0.0,0.0,168.219871888367,76.29251152847509,52,27-Feb-2021 02:36:12,NASA
CoRoT-12 b,2.828054021977,1.97862904235522e-06,2454398.62610753,0.002823606336002001,0.039832329387952004,0.002028810827464,0.14529591105647302,0.000501426179328,89.2204419450651,0.476968026392637,0.14095654306627,0.030554040904599,101.773368234314,37.8742213187018,15,01-Mar-2021 08:14:23,NASA
CoRoT-13 b,4.035087564451939,3.8054474337045074e-06,2454790.813063018,0.0037054236424553296,0.053300357401861634,0.002713142405072411,0.09889485524632224,0.001160920804963004,89.00826295594842,0.4207082627309541,0.0,0.0,90.0,0.0,11,02-Mar-2021 05:50:22,NASA
CoRoT-18 b,1.90009217577418,1.04387692712349e-06,2455321.72171101,0.0019862146374089997,0.03008775637315,0.001535480225655,0.14802912492332002,0.000260051482709,89.9914447792968,0.5183625690360629,0.095587087838731,0.015074128485126997,90.0,0.0,22,01-Mar-2021 01:03:48,NASA
CoRoT-21 b,2.72454095897444,2.4262917525719395e-05,2454399.02590197,0.003125233998289,0.042242854456918,0.002153730526994,0.075359114014043,0.0017437769189839998,88.5653474827125,0.828924664080565,0.0,0.0,90.0,0.0,17,01-Mar-2021 05:08:43,NASA
GJ 436 b,2.643897962496649,1.647396325842794e-06,2454510.801732604,0.002750033348345993,0.029017656926098943,0.00147457477951688,0.08367911079785195,0.00029820196525193453,86.35862797343506,0.06633941368617761,0.16981778265617806,0.024210665314632143,355.2009212584472,4.430800939227502,8,02-Mar-2021 10:51:46,NASA
GJ 1132 b,1.62892601127728,1.8350083162700001e-06,2457184.56074482,0.001545745970315,0.015252463602727,0.0007769702641030001,0.04854860969428,0.0005494260658099999,89.6602541596637,0.312592685354497,0.068149500237038,0.021830892329047002,90.0,0.0,27,28-Feb-2021 18:29:15,NASA
GJ 1252 b,0.518243889962698,5.96840518209894e-07,2458668.09594311,0.00027902778872099997,0.008930834161251998,0.000453222830292,0.027431874809880002,0.000311408336837,85.92624904217979,0.40205362656086796,0.0,0.0,90.0,0.0,98,26-Feb-2021 19:41:54,NASA
GJ 3473 b,1.19803066623174,4.3061804512244705e-05,2458492.20391911,0.0006305288717919999,0.015340409687310999,0.0007836134117270001,0.030862978018023,0.000868333521409,89.7438039741717,0.515295184795986,0.0,0.0,90.0,0.0,19,01-Mar-2021 13:24:47,NASA
HAT-P-3 b,2.8997383961335097,1.42834026043223e-06,2454856.70130122,0.0019674398782320002,0.039995585445495,0.002016921228305,0.10870067517108399,0.00029588163395599995,86.5187768625335,0.06618010527396599,0.0,0.0,153.997830248284,57.286748651655905,14,01-Mar-2021 07:49:07,NASA
HAT-P-7 b,2.20473632344984,1.0529018082897e-06,2454954.35846726,0.0017906824143670004,0.038050877987612,0.001915798483146,0.078384739257381,0.00014131511374200002,82.91973741054629,0.17292748682013,0.0,0.0,264.477949527802,74.4797471775953,21,01-Mar-2021 12:23:04,NASA
HAT-P-55 b,3.585232363880142,4.128703369825477e-06,2456730.835012869,0.002620041516951627,0.04497026723339802,0.0022902909759939037,0.12620999905131014,0.000847960138775187,87.32543726646362,0.35045243139819426,0.00033655618361480566,0.019579141016122736,90.0,0.0,12,01-Mar-2021 23:53:49,NASA
HAT-P-67 b,4.810105488706947,2.577836111604061e-06,2455961.3843940343,0.001625846933463409,0.06348240189599348,0.0032207080319721928,0.0811155668361026,0.0001660864907237382,86.0619161586395,0.29912482845942656,0.0,0.0,90.0,0.0,12,02-Mar-2021 11:08:35,NASA
HATS-2 b,1.35413457915436,1.4114042158375499e-06,2455954.58488065,0.002735959838921,0.022781538622323995,0.0011575067525089998,0.134169574214064,0.0006665575615850001,86.3911112019412,0.34184739621198995,0.0,0.0,90.0,0.0,16,01-Mar-2021 05:26:01,NASA
HATS-4 b,2.51672713927418,1.05287122020157e-06,2455808.34044887,0.001291879586135,0.035839927061738,0.001820240469559,0.12062986378839,0.000536626123141,88.1058452110536,0.466907228225746,0.012099226948062,0.006092071422096,253.149789675843,80.35606955192759,19,01-Mar-2021 16:59:23,NASA
HATS-13 b,3.04405497916905,1.59780642312012e-06,2456340.31592853,0.0011919063254879998,0.039956588913135,0.002034113386034,0.140938633314341,0.000656545088388,90.08783419027529,0.56647548315551,0.044654019580672,0.012186376525695,90.0,0.0,15,01-Mar-2021 17:36:42,NASA
HATS-16 b,2.686504261412395,2.372945972326869e-06,2456824.792990181,0.0016531301455346016,0.03879120339360589,0.0019766893256293505,0.10993056804219972,0.0009799006364571486,84.02060445320839,0.1360274368934249,0.0,0.0,90.0,0.0,18,01-Mar-2021 22:56:52,NASA
HATS-17 b,16.254701894861892,6.643384406691756e-05,2457139.1670747967,0.005892142956286734,0.13120350664997504,0.006666518010118196,0.07546927429059823,0.0009191446270408396,90.04472231289455,0.31032285044362273,0.030012995825144374,0.011375844178968794,90.0,0.0,3,02-Mar-2021 16:58:40,NASA
HATS-18 b,0.8378435420103492,1.0805080776369e-06,2457089.90665663,0.0019182925866709998,0.017499029608006998,0.0008878881743840002,0.141670669198538,0.000769717383788,87.39090226462852,0.598894723614985,0.020699642063729,0.011388371827084999,90.0,0.0,26,28-Feb-2021 10:54:01,NASA
HATS-24 b,1.34849770454647,4.0079588194371006e-06,2457948.70912055,0.002135723263704,0.024095803953672,0.001221513428035,0.13309002031092598,0.000467569187111,86.11037765159409,0.33920923248828805,0.0,0.0,90.0,0.0,22,01-Mar-2021 07:46:41,NASA
HATS-26 b,3.302388611294312,5.5259576208584655e-06,2456867.4258781024,0.0027616740200489924,0.04722459196740555,0.002405262148274657,0.09107310268757528,0.0006021452626737549,87.00285414353264,0.6550904250963197,0.0420262004693478,0.01937606538709309,90.0,0.0,15,01-Mar-2021 23:39:10,NASA
HATS-30 b,3.1743511235094704,6.37843924706843e-07,2456629.76213362,0.000419462645418,0.04390415298736599,0.002243746297426,0.119653387456133,0.00037361788728,86.9763530232008,0.13412871906430698,0.014099008040535,0.016231677017148997,90.0,0.0,29,28-Feb-2021 08:38:25,NASA
HATS-33 b,2.5495632774121697,9.400340764069841e-07,2456497.23247259,0.000890807179916,0.037636141512615996,0.0019168316861620002,0.11264979657531694,0.00033176531250599995,88.7578282474995,0.4713231171374061,0.044296663680438,0.014954699718975001,90.0,0.0,22,01-Mar-2021 08:19:14,NASA
HATS-34 b,2.10616168477386,1.20486725674399e-06,2456634.8573330003,0.001140985448342,0.031005688459966006,0.0015878815579709999,0.157406484523468,0.007972321777311,81.8005497006358,0.212306520893526,0.00728474663479,0.016968494913612,90.0,0.0,33,27-Feb-2021 18:24:02,NASA
HATS-42 b,2.292099478665505,3.23549216417456e-06,2456768.6111911912,0.0034365909171096536,0.03612846070302067,0.0018489832928510121,0.09773131317786496,0.0008215076328113662,88.67445953720372,0.5756036962181487,0.14062801084723925,0.023108855927336282,90.0,0.0,10,02-Mar-2021 10:18:16,NASA
HATS-43 b,4.3888507398531695,2.3654657501893603e-06,2457636.08992953,0.0006543781337540001,0.04968088158601,0.002530666447453,0.146239504992392,0.0009796315239139998,88.6027391877722,0.619675982830473,0.550301628772656,0.07948691795509699,335.671514628088,14.021719369763696,17,01-Mar-2021 14:12:22,NASA
HATS-44 b,2.7439010880052597,1.76711620697611e-06,2456931.11337435,0.0012755022459919993,0.037020360433266,0.001883308088826,0.124754954242977,0.0023798614457539997,84.4504962444324,0.181653979247129,0.07591324639387301,0.040160754022226,90.0,0.0,32,27-Feb-2021 22:57:43,NASA
HATS-45 b,4.187614854130676,3.354375026427262e-06,2456731.200431131,0.001811955212063707,0.056171696967839836,0.002865693724925945,0.10378746449283748,0.0013114564042272195,86.3561666419619,0.4350875908231079,0.18909382818275614,0.05126818676245023,90.0,0.0,17,02-Mar-2021 12:38:25,NASA
HATS-47 b,3.9228073104613035,5.641115685545136e-06,2457365.356093923,0.0022317951615266987,0.04220514704229589,0.0021531204987135857,0.17659957072263466,0.002667134003273662,86.79208392536907,0.08458481439428396,0.0822253776276611,0.031158862669991013,90.0,0.0,10,02-Mar-2021 03:00:40,NASA
HATS-48 A b,3.13166195281501,3.6466260268440905e-06,2457100.55264096,0.0019932855984639997,0.037560455803486,0.0019002217932729997,0.10961650559612801,0.0007622293612070001,89.9241357447131,0.402058424667185,0.005488669285168,0.007950869509633,90.0,0.0,15,01-Mar-2021 18:34:53,NASA
HATS-57 b,2.3506078983275933,4.3258012463118096e-06,2457778.5018353565,0.002533791606207524,0.0344755238993324,0.0017484032337892635,0.1205512742198514,0.0003940654573749607,88.12700080592224,0.4805322412920821,0.0074108306898646,0.00916171498944782,90.0,0.0,9,02-Mar-2021 11:32:27,NASA
HATS-61 b,7.817900949391611,3.714133451834691e-05,2457673.062359785,0.0065876986172428926,0.08016547805234442,0.004085905826722454,0.06659209027583386,0.0011910870566675033,87.50741701258836,0.3514842784500653,0.12585028307532287,0.039764647354209856,90.0,0.0,2,02-Mar-2021 16:30:59,NASA
HATS-68 b,3.586219881469956,6.315066995804603e-06,2457410.409265832,0.002928581470761595,0.04969695278852245,0.0025333563673318143,0.07612311986078832,0.0004911165396067418,82.74408544817202,0.13572184135404855,0.02631072327039561,0.015971865363750188,90.0,0.0,12,02-Mar-2021 01:09:49,NASA
HATS-71 b,3.7955145435138102,1.39157111921737e-06,2457858.80240373,0.000333258299242,0.037447394170983,0.0019028488940579997,0.215440490229496,0.0008569209601760001,88.897919652645,0.5864833085494521,0.0,0.0,90.0,0.0,26,28-Feb-2021 14:39:04,NASA
HD 1397 b,11.534900003111947,0.0003632814763585954,2458332.0828084243,0.0002853080808126066,0.110806409765685,0.005616129827231618,0.044540785437737145,0.00011021436828107241,89.90814915869728,0.5157962220215399,0.2832074387783682,0.034450571748758235,3.066884293261942,1.0069481806163936,2,02-Mar-2021 15:54:53,NASA
HD 2685 b,4.126905022681405,3.6708221197114906e-07,2458325.7838687827,4.7728483730775563e-05,0.057741449658672575,0.0029575836103790274,0.0929132390078721,5.174736647964121e-05,89.98324749266499,0.3052025080066733,0.03784449159873101,0.028193349788969382,289.7374752699748,43.73711901841772,18,02-Mar-2021 07:37:01,NASA
HD 63433 c,20.547855575778808,0.0017485800162480465,2458844.051306741,0.006072296633145167,0.14704196658633936,0.007509001544569746,0.028946163790375293,0.001594409679777398,88.30831811594885,0.6804717735827073,0.0,0.0,90.0,0.0,2,02-Mar-2021 15:59:02,NASA
HD 95338 b,55.092428333030405,0.005568068203563629,2458585.2803255552,0.00047105130970024727,0.2651631539875713,0.01346417454784193,0.04392357793259573,0.0005738376131345849,89.53333285776077,0.33982180242580146,0.22767230644454944,0.08097339073989705,3.2043846836637218,10.381281499159043,1,02-Mar-2021 14:20:06,NASA
HD 108236 e,19.591387522779574,0.0006128312264816839,2458782.4814348044,0.005820809343335242,0.13779778165426385,0.007024238554271416,0.03240800414754828,0.00044856736895762316,90.16255640043549,0.6099067474598645,0.1352259313495081,0.0302702376702547,105.40218897875769,43.486034784587105,2,02-Mar-2021 16:17:41,NASA
HD 108236 f,29.530599828349928,0.0009698026089020252,2458793.2549251327,0.005538807237384192,0.17962534393141624,0.00913198054021756,0.023119491758459843,0.000147278365718203,89.93718568459917,0.30909782557447235,0.07088951028619156,0.023930025290158502,125.11089946953798,140.1648895368803,2,02-Mar-2021 15:30:14,NASA
HD 136352 b,11.574627568594046,0.0007297067470946847,2458631.767296069,0.0005848398136710772,0.0973209432396472,0.004964811046630945,0.012187525658680323,0.000175838248324569,89.98803788210213,0.5656516029631289,0.13823170496604956,0.038239659521698464,91.45986671286305,70.68764505151806,2,02-Mar-2021 15:32:28,NASA
HD 136352 c,27.586489036428627,0.002352060824444661,2458650.8955262857,0.0004130146662213849,0.17609491510205813,0.008949118699019903,0.024079668989692358,0.0001880019186494425,88.62336456927116,0.024789647936262087,0.09354590689444142,0.01724226475101399,76.19767997435369,42.02751180554835,1,02-Mar-2021 16:01:01,NASA
HD 149026 b,2.8758889982824183,9.625342335832829e-07,2454456.787683388,0.0015138732441158044,0.042480916181067724,0.0021429217738243933,0.050998491703188736,8.617073785429835e-05,86.0090896226218,0.1408016868478692,0.0,0.0,120.80654751599847,56.44893533187234,14,02-Mar-2021 09:37:53,NASA
HD 191939 b,8.88032454615271,1.30212542892209e-05,2458715.3543957,0.0002478357026390001,0.08425789632363702,0.0042955658637069995,0.033392253266842004,0.00011771437443900001,88.32265666915319,0.053662944512920994,0.0,0.0,90.0,0.0,23,28-Feb-2021 17:57:56,NASA
HD 202772 A b,3.308875316276279,5.481901578039215e-07,2458338.6105387514,8.075816918185127e-05,0.05202704591131084,0.002621784440108335,0.05575085176949735,0.00010072965059727452,83.54628197295345,0.20098676045720584,0.026692785383166245,0.006978709291468946,268.51468187118985,60.695518216576936,14,02-Mar-2021 00:28:00,NASA
HD 213885 b,1.00819999202075,5.68855157783164e-07,2458379.97146794,0.000261427695387,0.018451576951546002,0.0009338454406849999,0.013122413795278001,4.84057014883551e-06,79.4707551170142,0.19302875259573105,0.0,0.0,90.0,0.0,70,26-Feb-2021 16:49:26,NASA
HD 219134 b,3.09293739094258,2.67467223250248e-06,2457126.69800468,0.001536171384357,0.037506411803978,0.0019206376104360001,0.018324973491221,0.000106674782084,84.8145945665312,0.062862748608706,0.0,0.0,90.0,0.0,16,01-Mar-2021 14:18:05,NASA
HD 332231 b,18.713182068803746,0.0018338569751412176,2458729.6805106904,0.00018567879966514906,0.14590466456444512,0.007399378267677234,0.07086278550440946,0.00014924457710447237,89.9801180986141,0.18453463607378048,0.014939487615949354,0.011410649681126957,65.36190283072798,20.119844052884925,1,02-Mar-2021 17:09:36,NASA
HIP 65 A b,0.9809771618881096,6.733580363199316e-08,2458326.102457216,3.156606348881474e-05,0.016941193827920715,0.0008485748948856973,0.30241706779481825,0.015158195916590329,76.35557072409995,0.1927541879222388,0.0,0.0,90.0,0.0,89,02-Mar-2021 09:24:16,NASA
HR 858 b,3.5852758615182596,2.02143074373097e-06,2458409.19230425,0.000354587688664,0.048377058699704,0.0024627616258060003,0.01331712828641,0.00013116202597799999,85.71249784455071,0.321282124745746,0.032852211812944,0.04535146074760401,90.0,0.0,17,01-Mar-2021 02:50:33,NASA
HR 858 c,5.9739977602020895,4.99496724160529e-06,2458415.613092029,0.00032004115373767056,0.06793524215377633,0.003476422912544198,0.01445548212765723,0.00012824418260967658,88.31097583160835,0.4231749879723621,0.28964067349373696,0.04036542822545856,90.0,0.0,12,02-Mar-2021 08:03:46,NASA
K2-77 b,8.20005568428477,4.5793268267985795e-05,2457070.8090860783,0.006387101285760424,0.07589882998259581,0.003870482766904289,0.028761100931254394,0.0014744267108750956,88.19266475987725,0.2202490436349009,0.30061406988311395,0.06902830201891164,0.4661739784137411,0.471828280551842,3,02-Mar-2021 17:01:28,NASA
K2-80 b,19.093866806996104,0.002157489600842755,2457077.62346552,0.006301402898856993,0.13639386889207653,0.006947468194063903,0.023209312421905583,0.0012210569308517914,88.379240900983,0.3652992382557471,0.0,0.0,90.0,0.0,3,02-Mar-2021 18:26:09,NASA
K2-97 b,8.406845112637093,0.00023901884691096675,2457142.0363701917,0.006712930282753755,0.08688957058892684,0.0044269264956157215,0.019794963454345563,0.0010972988493412243,87.49982477160174,0.8685221317168634,0.2855605799624088,0.08419905169211905,90.0,0.0,2,02-Mar-2021 18:21:58,NASA
K2-98 b,10.13688513297456,0.00011699251020191802,2457145.9808096886,0.006449184335530647,0.09686869377440203,0.004942947187057541,0.0327710701878455,0.0016738644300511867,86.6511028201105,0.9940434933735895,0.0,0.0,90.0,0.0,2,02-Mar-2021 18:08:14,NASA
K2-114 b,11.390906804441268,6.298894383872239e-05,2457151.718703519,0.006930661096868839,0.09555311319205108,0.004868887748464922,0.1213700830336514,0.0036549137783294383,89.4758839403558,0.4736289922478193,0.0,0.0,90.0,0.0,2,02-Mar-2021 15:14:02,NASA
K2-115 b,20.273051285910253,8.511725814022711e-05,2457157.152554416,0.005586461117747456,0.14502245307444098,0.007385489749738219,0.12381560017876453,0.0028967878491718197,89.35274119600616,0.3587713977934035,0.26543848625512145,0.06064054446481451,84.7261470997717,30.428200649106806,2,02-Mar-2021 15:20:07,NASA
K2-237 b,2.1805454292795337,4.910751684276711e-06,2457656.458700444,0.0022294950655183964,0.036988895932682175,0.0018698322746716566,0.12569644496324167,0.00044767414545184383,85.59652065213234,0.17109490225892832,0.0,0.0,90.0,0.0,10,02-Mar-2021 06:55:29,NASA
K2-321 b,2.2979756197587893,3.858271023428781e-05,2457909.163857077,0.004417722542708277,0.04135655467733562,0.0021071370797616927,0.03376838787086933,0.001703124156714843,88.09668132462828,0.8373015317042595,0.0,0.0,90.0,0.0,8,02-Mar-2021 08:59:03,NASA
KELT-1 b,1.2174940541100199,7.86811249450577e-07,2455914.16278163,0.0018497400228200001,0.023784189579137,0.0011997274048720001,0.079739976208611,0.00017462074978200006,85.2210981931694,0.7271523687703421,0.0037284711870640003,0.004327197335019,66.1859272846071,29.822285561193198,15,01-Mar-2021 04:15:33,NASA
KELT-6 b,7.8456011182191805,1.5620539312762915e-05,2456347.7981789885,0.0051635476008113105,0.07913545787265693,0.0040262370585749715,0.07720185869657431,0.0005432845952136656,87.4282243491797,0.7568896255985681,0.07993237003118997,0.06710300860795249,21.64982245352983,43.93186961037478,2,02-Mar-2021 17:59:02,NASA
KELT-14 b,1.71005316317913,2.78014089670049e-07,2456665.22498332,0.000369890067575,0.031145573542052,0.001562103183027,0.11153805465251597,0.00021546664154199998,79.0316112212408,0.065028827220117,0.0,0.0,90.0,0.0,27,28-Feb-2021 13:57:03,NASA
KELT-16 b,0.968993749847765,1.43481804443232e-06,2457247.24683374,0.002180699373672,0.019991708553023,0.00101158650008,0.10999318542066196,0.00041642676670099996,83.80751507263241,0.5307548358571931,0.0,0.0,90.0,0.0,20,28-Feb-2021 17:58:19,NASA
KOI-12 b,17.85523976612085,2.874050543367926e-05,2454979.594818392,0.00594955624442423,0.1556125735701184,0.007914872680778355,0.09145534609496668,0.0013923639074541,89.12896315094478,0.4562834966213142,0.28445847517251643,0.10588824434994827,247.15312072558268,32.30433216388986,1,02-Mar-2021 17:39:04,NASA
KOI-13 b,1.76358725934706,4.6266357998011e-07,2454953.56654923,0.001009052183087,0.036395365824058,0.0018266125965670005,0.087176168830529,0.000122222701084,89.47509791473558,0.474926096989116,0.00083549657382,0.000320411996204,0.680635851966025,2.43563951078556,42,27-Feb-2021 16:06:15,NASA
KOI-94 e,54.319367555680984,0.0001506326258322134,2454994.240030196,0.00676181696359215,0.3124191043553547,0.015913825926104706,0.04349072221622498,0.0009331137679109336,89.50560121605542,0.4923043785862702,0.029095393176981694,0.00929430930378074,90.0,0.0,1,02-Mar-2021 14:16:44,NASA
KOI-1783.02,284.2258734322321,0.011996334633231584,2455033.82513695,0.007029359481809284,0.8585359090993915,0.04376406073406305,0.047065673782881734,0.002480130733441717,90.18855158936407,0.1943026798634529,0.0,0.0,90.0,0.0,1,02-Mar-2021 13:54:28,NASA
Kepler-11 c,13.021530225319019,0.0008602086534300059,2455583.3422383983,0.006069661789712321,0.1058790289427754,0.005401585934261279,0.0272963956629108,0.0013714124437364547,89.9456345776491,0.7675978953667709,0.010159015477909587,0.012462123757395105,46.52957794111222,47.1483741929653,4,02-Mar-2021 19:08:02,NASA
Kepler-18 b,3.5045928584770683,8.423278116064713e-05,2454966.5076289615,0.0030597686256356982,0.04431948804939356,0.0022610212088639502,0.016801662451148818,0.00095858858002424,83.24143242191624,0.8256010460730036,0.0,0.0,90.0,0.0,15,02-Mar-2021 01:05:02,NASA
Kepler-18 d,14.858945767455506,3.4333327800274824e-05,2455169.180225037,0.0064346695951113106,0.11967741045332908,0.006095638950107857,0.06338396052863729,0.0016382359553172013,88.32538295744875,0.1710192467417071,0.0,0.0,90.0,0.0,4,02-Mar-2021 16:06:27,NASA
Kepler-25 c,12.720351954781686,3.128256778227447e-05,2455711.154481543,0.006633142240859533,0.11198315636748757,0.005707033312922676,0.037337118094774295,0.0016001793906948573,92.76307582236522,0.058930780514228974,0.0041403524109387855,0.0029550800330362505,90.0,0.0,2,02-Mar-2021 15:52:50,NASA
Kepler-36 c,16.217461444431578,0.0008747168989494943,2455004.676691281,0.005888615109670602,0.1288795689169605,0.006567156750258161,0.02150492872898736,0.0011448406481392214,88.08981217215575,0.9761927984332722,0.0,0.0,90.0,0.0,4,02-Mar-2021 17:32:35,NASA
Kepler-37 b,13.365777032906394,0.001081792243619754,2455017.0329358983,0.006388680196295445,0.10122196193773007,0.0051637261355846,0.0037164416196019366,0.0001909316335268559,89.70525583697065,0.6177627452978262,0.0,0.0,90.0,0.0,2,02-Mar-2021 15:36:48,NASA
Kepler-37 c,21.302207448617448,0.0006331324610120747,2455024.8295722483,0.0064916627799036725,0.13768983709663438,0.007022002697589701,0.009830946218284531,0.0004880153188629375,90.08410857046366,0.4847899270152184,0.0005871501409176888,0.0423097879404268,90.0,0.0,2,02-Mar-2021 15:39:11,NASA
Kepler-37 d,39.79241148874385,8.156188267449582e-05,2455008.2393450118,0.006650126455271667,0.2049907604313441,0.010461629178454149,0.02212099057490255,0.0009412912533909904,89.58421440993256,0.3103998870276669,0.13319641907709726,0.04865737020649078,90.0,0.0,1,02-Mar-2021 13:54:34,NASA
Kepler-42 b,1.2137644989045902,4.64834645558481e-06,2455003.48502541,0.0018037469572560001,0.011552338932004,0.000588531796893,0.038414500240111005,0.002431139981183,86.3456036411697,0.342796628161283,0.04237581793005,0.019399512886151,90.0,0.0,38,27-Feb-2021 08:04:02,NASA
Kepler-42 c,0.453276508737489,8.86112395200186e-07,2454966.87048647,0.0008046718180389999,0.0059379682948119995,0.00030261586841000005,0.038903086587631,0.00228071143492,82.07489676400449,0.11234465920022699,0.0,0.0,90.0,0.0,105,26-Feb-2021 19:17:15,NASA
Kepler-42 d,1.86515875735413,7.46299110565495e-06,2454966.78195977,0.0021640695742320003,0.015569014246308997,0.000793407471468,0.028071202670409,0.001774137913296,86.9992454143883,0.8127013580695941,0.006664182564628001,0.009562248748103,90.0,0.0,26,28-Feb-2021 13:44:31,NASA
Kepler-47 b,49.452955165224154,0.004844122351916654,2454968.6360373013,0.006518973281594868,0.28441116984739995,0.01450340508514481,0.03269113288934259,0.0017094976041364036,89.97651650351126,0.4090883262482927,0.01809699620544832,0.010228232290520216,35.992737953622424,22.890161891796073,1,02-Mar-2021 13:54:17,NASA
Kepler-50 b,7.813188100153318,7.890948600890615e-05,2454974.3783390336,0.006787949270973804,0.0754737112547331,0.003856012783789737,0.010940091550351309,0.0005209682077530462,89.88591866322771,0.7562050248740866,0.0,0.0,90.0,0.0,3,02-Mar-2021 17:22:33,NASA
Kepler-50 c,9.377099381784664,0.00032012641910531534,2454969.9514324823,0.005924679657990228,0.08681026911253545,0.004425490813102032,0.013811599300164706,0.0007270227940480219,85.81908697583607,0.8272752391442649,0.0,0.0,90.0,0.0,3,02-Mar-2021 17:47:23,NASA
Kepler-51 b,45.15703695773454,0.0011680622229730422,2455714.5972512523,0.006475882769797754,0.25201517671084644,0.012843768218083671,0.0760700720116126,0.003668477091820715,89.88965885732651,0.3312186257274052,0.07176377919536782,0.019279398995348345,90.0,0.0,1,02-Mar-2021 13:47:58,NASA
Kepler-51 c,85.31367212170832,0.003006215407394641,2455725.508928396,0.006722601261576069,0.3846789073795787,0.0196272565598299,0.08496608141066021,0.005040120177222811,90.36469488420195,0.32531248740652235,0.022234027361653745,0.006529925515138495,90.0,0.0,1,02-Mar-2021 13:41:48,NASA
Kepler-51 d,130.17542636336879,0.001025708931585764,2455695.9283939227,0.006420402103567026,0.4920699547415998,0.02514912423328361,0.10374056621453738,0.0015681876570009085,89.99608136253593,0.06554304067109439,0.00044575674712743664,0.003878667973520293,90.0,0.0,1,02-Mar-2021 13:54:28,NASA
Kepler-65 b,2.1548976156088337,3.831364107395249e-05,2454966.504486178,0.003140967284444241,0.03450115008788715,0.0017606344750022492,0.008343080268493747,0.0004558419556045829,91.74076639413515,0.9333635335653748,0.015623241919609437,0.013887437881783184,90.0,0.0,12,02-Mar-2021 08:08:46,NASA
Kepler-65 d,8.131196349974234,0.00016246918942077778,2454970.979730553,0.006484036573605498,0.08192943862988536,0.00417965331345489,0.010852867981739957,0.0005147466098919854,89.84215118706993,0.8407315661566201,0.007295323211168784,0.006542263872440209,90.0,0.0,3,02-Mar-2021 16:58:30,NASA
Kepler-79 c,27.401975990963678,0.0017617057978877356,2455706.4704776187,0.0064736987263715896,0.19160119815182214,0.009760704206501226,0.02883356150817525,0.0015133897514842136,89.64749636148954,0.6816432521888817,0.02573359551215023,0.014851231875646815,90.0,0.0,2,02-Mar-2021 15:05:50,NASA
Kepler-79 d,52.092316452741564,0.0008080200800788896,2455721.020644297,0.0063041267723666855,0.29070545599300457,0.014819497986197541,0.05555408593780176,0.002821369749378525,89.24146804344342,0.6699879400442782,0.013170018216874952,0.012461537880492974,90.0,0.0,1,02-Mar-2021 14:14:52,NASA
Kepler-79 e,81.05967911927695,0.004877770766168654,2455702.1244922504,0.006990994298394135,0.3760612941474471,0.019187213505570268,0.02702644084297348,0.0013959200388096453,89.90710564399932,0.3641187262271062,0.011936089505787513,0.0056770081373745855,90.0,0.0,1,02-Mar-2021 13:56:33,NASA
Kepler-83 c,20.08907221018013,0.0011370289336504935,2454980.975917681,0.0067175675793631606,0.11719984991276496,0.005986379939301714,0.03902780887483746,0.0020142124778470345,90.37161443538844,0.3800294372733522,0.0,0.0,90.0,0.0,2,02-Mar-2021 16:10:42,NASA
Kepler-96 b,16.238625945559825,3.751198432224909e-05,2455004.0167219373,0.006522404046382518,0.12374369310648704,0.00629444467477216,0.026372687204959947,0.0005222416622875126,90.06630275613277,0.2570523705936386,0.0,0.0,90.0,0.0,1,02-Mar-2021 18:24:19,NASA
Kepler-102 e,16.145808657984258,4.065710382381073e-05,2454967.7479895605,0.006845675202938275,0.1179413526928523,0.006009374789467927,0.03008821211809754,0.0014502622545543645,88.68797700116501,0.07565279461173395,0.0,0.0,90.0,0.0,2,02-Mar-2021 17:51:54,NASA
Kepler-102 f,27.45388451314992,0.0007745116916855713,2454978.0255198493,0.006711671308198262,0.16723983374474471,0.008518660403219417,0.012038904680434932,0.0006046739554582848,89.94800140169669,0.4238425908125236,0.0,0.0,90.0,0.0,2,02-Mar-2021 14:55:06,NASA
Kepler-122 d,21.589452510657807,0.00216564249730856,2454975.9697934813,0.006476403229538583,0.15700542639416978,0.008005370327680205,0.01810965259104341,0.0009414651137789928,89.87015931833058,0.8246084043368104,0.0,0.0,90.0,0.0,1,02-Mar-2021 14:28:16,NASA
Kepler-138 b,10.311733755470298,0.0005515428253044396,2455688.4169458426,0.006422896045793167,0.07540004537505036,0.00384487903491809,0.01206049834027955,0.0006248526750648888,89.89632740605082,0.5248050667186688,0.006395265655917885,0.002928290913185527,9.844099860670037,11.16745043006476,3,02-Mar-2021 18:03:15,NASA
Kepler-138 c,13.780990013928685,0.0001354267924058395,2455686.12236399,0.006024251255117207,0.09002809383863357,0.004583847738230137,0.027375402105695917,0.0013888904620876935,89.8793634691506,0.34069711863786906,0.004931506649363236,0.005352170086107312,325.9639980297315,19.035357838646764,2,02-Mar-2021 14:37:03,NASA
Kepler-138 d,23.089358422754533,0.0013395998170540096,2455696.674266664,0.005976030040709029,0.12755316098178146,0.006505560890448641,0.027523751090569964,0.0014377807796542587,90.79063605917877,0.4990451521825546,0.025560542870770392,0.013016277720418188,170.92097986286674,56.99847966157804,1,02-Mar-2021 14:30:22,NASA
Kepler-199 b,23.6413661730085,0.002438868984692084,2455005.6439355486,0.006867025941538253,0.1599386389287264,0.008159087422007317,0.032262440909339704,0.0016688752355192569,89.75830824760122,0.6297269506629277,0.0,0.0,90.0,0.0,1,02-Mar-2021 13:48:54,NASA
Kepler-289 b,34.54652099517538,0.002594111666953921,2454965.642957528,0.006966773519825185,0.21429933544759028,0.010917962266528322,0.02167703177160088,0.0011295776446661216,89.9888171442536,0.5651252278137948,0.0,0.0,90.0,0.0,1,02-Mar-2021 14:49:52,NASA
Kepler-289 c,125.85840445017831,0.00034033854452405294,2455069.843325144,0.0069710760204314435,0.5230225470838374,0.026650574692794225,0.11676778241316416,0.002777175868462309,90.17051399335271,0.1652384928099685,0.0,0.0,90.0,0.0,1,02-Mar-2021 13:52:02,NASA
Kepler-297 c,74.93296135951935,0.006185139621694674,2454958.0408520214,0.006685157699299118,0.3473930533005391,0.01768270701210242,0.06584492094982228,0.0037840325088562368,89.43804155045655,0.5246425220180893,0.0,0.0,90.0,0.0,1,02-Mar-2021 13:49:05,NASA
Kepler-338 b,13.724949386440132,0.0009119201607779848,2454971.7428968167,0.007497141148953636,0.11613040955976105,0.0059239909927470856,0.014146732479507668,0.0006915900652530737,89.94315067377009,0.7490750320738132,0.018236776687621286,0.018924808119968783,90.0,0.0,2,02-Mar-2021 14:47:24,NASA
Kepler-338 e,9.341399845678037,0.0005854933525476088,2454965.382714707,0.0066460401195027755,0.08945227033449676,0.004559238128548199,0.008985052884818755,0.0004694060221706887,90.56969036535256,0.8159022844373026,0.07515407983768388,0.02369726500577161,90.0,0.0,2,02-Mar-2021 17:24:38,NASA
Kepler-396 b,43.00118704173801,0.002284773738791097,2454995.511600058,0.007000643512115525,0.2255292598306002,0.011518193680117951,0.03270601924053808,0.0012977191713260286,90.01338314957897,0.2020231596663609,0.0,0.0,90.0,0.0,1,02-Mar-2021 14:37:23,NASA
Kepler-396 c,88.48221202407326,0.00033545661958840823,2455015.6463768785,0.006655485494972102,0.3619769902973613,0.018484651643282897,0.04466327944678936,0.0015049447052600947,90.0100211094381,0.07120047229380032,0.0,0.0,90.0,0.0,1,02-Mar-2021 14:02:37,NASA
Kepler-407 b,0.669307893952802,1.2966385295899699e-05,2454967.12911605,0.0018460773981970001,0.01415876175814,0.0007235716255830001,0.010304049014304002,0.000533489739888,87.4798040242615,0.8717089907599659,0.0,0.0,90.0,0.0,35,27-Feb-2021 17:07:17,NASA
Kepler-408 b,2.46511875403876,1.19954117626913e-05,2454965.67316409,0.002999896340898,0.036015478894084,0.001837116655161,0.0055213973556569994,8.56529156057609e-05,83.22567348091991,1.0503802815368999,0.0,0.0,90.0,0.0,18,01-Mar-2021 01:46:43,NASA
Kepler-410 A b,17.833566984878775,4.671254235044798e-05,2455014.245272045,0.006513284727266182,0.12294512457692595,0.006269952934152325,0.017361554911340955,0.0005120635883626392,87.7424852207365,0.2125991694191088,0.3309767416141661,0.0830656785506021,90.0,0.0,3,02-Mar-2021 17:41:01,NASA
Kepler-411 b,3.00494365827535,3.59707454146514e-06,2455135.38933833,0.002525424977452,0.038084727104682,0.001937904663162,0.027014073886256,0.001447944499935,83.567720597753,0.18450373249927696,0.124315065322745,0.047446408725848,37.8007073930048,17.9371648706824,16,01-Mar-2021 12:13:35,NASA
Kepler-411 d,58.031071771491725,0.00018022247562095683,2454984.849648091,0.006550350412850572,0.267452056976598,0.013678170169633148,0.04071233439681425,0.00035282793005935717,90.01142021648715,0.07895684622204294,0.0014808123373860054,0.04561489747188855,10.889673896298888,14.379852408851294,1,02-Mar-2021 14:39:08,NASA
Kepler-412 b,1.7208618595319398,1.035529249475e-06,2454966.02159317,0.0021301013120439997,0.030075479642188,0.001528902351327,0.11380968737668902,0.002326740980588,81.2167620956139,0.213786012407534,0.002045177262788,0.001794620098306,100.628166784542,57.115232722781705,28,28-Feb-2021 11:41:29,NASA
Kepler-431 c,8.702235382915717,0.0008175021570422242,2454973.1507909936,0.006533817559258694,0.08361182733991583,0.004267870136876856,0.005490386144478167,0.00033021449234110154,81.87974327020838,0.8236349154598002,0.0,0.0,90.0,0.0,3,02-Mar-2021 18:15:44,NASA
Kepler-431 d,11.922533852126227,0.0010880994104089212,2454970.462281839,0.006706027165282333,0.10658592044281852,0.005427468648762614,0.010313560952046536,0.0005460285877874856,82.9535121706818,0.7993871258452392,0.0,0.0,90.0,0.0,2,02-Mar-2021 14:33:58,NASA
Kepler-444 e,7.7434594317503525,0.00020308071910264287,2454968.0968745584,0.00610751501228656,0.0686389381453846,0.003496024547006689,0.007374855135360927,0.0003732335163717733,89.69758223271879,0.6097655588475894,0.08386093913899907,0.04089808769045535,90.0,0.0,4,02-Mar-2021 18:45:45,NASA
Kepler-444 f,9.740510775979331,0.00012439715496794144,2454967.8723329925,0.00634729465962249,0.08202006919969783,0.004181543759884037,0.009827010716195942,0.0005076989802390024,86.96910545948296,0.6226075816888359,0.5647183042731886,0.14576388121872574,90.0,0.0,3,02-Mar-2021 18:06:49,NASA
Kepler-462 b,84.68748354706662,0.0012156856119354055,2454983.571691979,0.0064726402697593615,0.4154204802352437,0.02119717660616304,0.01928813466975628,0.0007618200144078228,89.92409199504745,0.3145603749161491,0.09075719641953084,0.020141459123162,65.53825224837291,24.472904831194715,1,02-Mar-2021 14:25:59,NASA
Kepler-508 b,25.31463018053957,0.0018294097161747425,2455004.500767104,0.006548866683038186,0.17856822248398904,0.009099420095059364,0.01313673663852882,0.0006785826871493593,89.56145650074001,0.4776840966775802,0.0,0.0,90.0,0.0,2,02-Mar-2021 14:46:51,NASA
Kepler-519 b,24.30807761799469,0.0006025037653622423,2455011.363229247,0.0069911483077360215,0.16195608319068644,0.008256643779960753,0.02639156747210234,0.0013537485354664705,90.89809630369543,0.7313061184295505,0.0,0.0,90.0,0.0,1,02-Mar-2021 14:14:25,NASA
Kepler-1244 b,3.7044659464163936,0.00014712980739701878,2454965.217429591,0.00378736199715047,0.048442828475886886,0.002474227646966776,0.00754971034291071,0.00039932026889563763,90.28596794934023,0.8885989209445377,0.0,0.0,90.0,0.0,13,02-Mar-2021 04:28:30,NASA
L 98-59 b,2.25305721971657,1.24060506645804e-06,2458366.17117393,0.00023667799105,0.022244360595417005,0.0011314798945699998,0.021392321803473998,0.00010941706576500001,88.8148176011181,0.4294137459523,0.001877035755034,0.040871388493452995,17.841382131306396,7.71846308619616,107,26-Feb-2021 11:32:52,NASA
L 98-59 c,3.69065571311535,7.835011190233191e-07,2458367.27410269,0.00010360638976299999,0.030293509304482998,0.0015388044901279998,0.039463522872293,0.00015216437681200002,88.7253059788666,0.717506487582171,0.0029285556952920004,0.017354326765805003,11.7693479550757,11.0927393808247,61,26-Feb-2021 22:45:06,NASA
L 98-59 d,7.45069171556165,2.87708854798641e-06,2458362.7409893,0.00017972912814900004,0.048941719563065006,0.0024995811599850004,0.045081593743081995,0.000379739540911,88.4527028058465,0.023545638498952002,0.000996472565673,0.022909388745881002,13.0119797061766,18.5058833354061,32,27-Feb-2021 21:43:01,NASA
L 168-9 b,1.40152858746391,1.35256461429463e-06,2458340.04730544,0.00032930610630799997,0.020781151627094,0.001057797605812,0.023347183167773997,0.000186199161651,86.04465969865521,0.47615201865943296,0.111061080390335,0.035558992580732,90.0,0.0,30,27-Feb-2021 20:09:26,NASA
LHS 1140 b,24.737204600533186,3.0077559538024977e-05,2456915.698571904,0.0023301485340132674,0.09198169511990993,0.0046835843826141385,0.07416377037543621,0.0010196938664941897,89.79865400827921,0.10293448009214284,0.004349334423441792,0.01870414808794502,90.0,0.0,2,02-Mar-2021 14:52:40,NASA
LHS 1140 c,3.77793653949503,2.7458192229802023e-06,2458226.842688336,0.00042186045209549063,0.025952057126934627,0.001321049664566698,0.05300124799861715,0.0006817549093500074,89.35854371979894,0.2977114816838442,0.003689400990711466,0.013855645196057248,90.0,0.0,11,02-Mar-2021 05:17:42,NASA
LHS 1815 b,3.8142858841517997,5.42467827517041e-06,2458327.41775619,0.0005741286964149999,0.039580764007527,0.002020895655697,0.020670655135873003,0.00032032268907200004,88.1046231157798,0.114740725572488,0.0,0.0,90.0,0.0,114,26-Feb-2021 17:46:00,NASA
LHS 3844 b,0.4629306262096121,8.19901886993879e-08,2458325.72336096,7.85466454327248e-05,0.0059544671335230006,0.00030092120802900017,0.06147064268683301,0.000343274241436,87.82124689747191,0.5719583960765551,0.0,0.0,90.0,0.0,150,26-Feb-2021 15:12:13,NASA
LP 791-18 b,0.9480149886180601,1.9923012553729888e-05,2458645.94352972,0.0019399909157189997,0.00969532216102,0.0004941095579,0.06241318772347701,0.002318582375108,89.128892516512,0.4710342856595921,0.0,0.0,90.0,0.0,24,28-Feb-2021 15:39:58,NASA
LTT 3780 b,0.7684172136947071,2.07373890760247e-05,2458543.91039035,0.000465866187661,0.011868023429224,0.000605228413636,0.034117996260686,0.000743090247202,85.6602616600145,0.41851327739481897,0.0,0.0,90.0,0.0,28,28-Feb-2021 00:22:11,NASA
LTT 3780 c,12.254416144280748,0.0008582238575187938,2458546.8484375486,0.0007679558328773946,0.07820862053162539,0.003980113400747643,0.05712042168894285,0.0016955706847030644,88.98394019562699,0.6319457404298754,0.13040682517127994,0.0289271371793381,99.96174039306544,52.25965739007961,2,02-Mar-2021 14:55:05,NASA
LTT 9779 b,0.7920638727280709,1.6372171759149155e-07,2458354.2152493843,9.76940376641169e-05,0.016240616703435115,0.0008265414243865932,0.04496963625527935,0.0002447321898579805,75.38759659273995,0.15922877127342405,0.0,0.0,90.0,0.0,60,02-Mar-2021 06:08:55,NASA
NGTS-1 b,2.6473058831112004,1.7959774169075298e-06,2457720.66053559,0.000832220711147,0.03185718703015,0.0016168208654820002,0.22099032929939802,0.012884464288270002,85.3054437036574,0.10007677859762801,0.006925873139630999,0.006780308645383999,90.0,0.0,35,27-Feb-2021 11:16:54,NASA
NGTS-6 b,0.8820576765112551,4.22282126403522e-07,2457982.38072169,0.00045968588501899997,0.017165551698669,0.00087018095502,0.19522264681195106,0.009307219713152001,78.1384655606831,0.18273424754259002,0.0,0.0,90.0,0.0,57,27-Feb-2021 04:03:11,NASA
NGTS-11 b,35.45619379864497,0.0002986455440632828,2458390.70128958,0.0061910529370142,0.2021154291889428,0.010285063160348063,0.09970477134824572,0.0018078248446544024,89.0950381590465,0.4419138347354525,0.06011559565235095,0.05423236764195091,20.285680757878357,14.378159664580743,1,02-Mar-2021 14:20:07,NASA
OGLE2-TR-L9 b,2.4857042164551086,3.06032217723937e-06,2454492.7963521,0.002633448634722,0.031560042592154995,0.0016008003858599999,0.098261527953001,0.004810511782198,75.8076039114201,0.386336842406632,0.0,0.0,90.0,0.0,20,01-Mar-2021 04:09:21,NASA
Qatar-1 b,1.42002325509792,4.4989855118358614e-07,2456234.10513983,0.0008447214648200001,0.023704271255048998,0.0011923292750180001,0.148637628212147,0.00032884450745300004,84.33259676025601,0.08203041049362203,0.0,0.0,90.0,0.0,67,27-Feb-2021 03:50:29,NASA
TOI-122 b,5.078035022093482,1.0244901004318867e-05,2458425.600355609,0.0007780821604971883,0.038466389969590335,0.00196315521803158,0.07691913200237759,0.001840610006965879,88.53121573261173,0.07017868017926193,0.0,0.0,90.0,0.0,12,01-Mar-2021 23:27:53,NASA
TOI-132 b,2.10969769226341,2.0583683284833906e-06,2458333.23028663,0.000432880738818,0.02634192657747,0.0013404011529220001,0.035365812674947,0.0004581470110119999,85.47791853703409,0.280554709964543,0.138086680649808,0.027960139927718997,112.830604100779,39.0423834066012,22,01-Mar-2021 09:07:10,NASA
TOI-163 b,4.2311147787260035,1.082449078017413e-06,2458328.8834312093,0.0001713403745248965,0.05319043057602812,0.002659757247673057,0.08346202022359381,5.134991224958467e-06,85.64637837214785,0.014222610536685582,0.0,0.0,90.0,0.0,67,02-Mar-2021 01:12:35,NASA
TOI-169 b,2.2554414396436404,3.06590106616526e-06,2458327.44341383,0.0008739407180019999,0.036130105199952994,0.001846159129813,0.08133707881891299,0.00104994614823,81.3467083266231,0.126835835447146,0.0,0.0,90.0,0.0,33,28-Feb-2021 02:13:09,NASA
TOI-172 b,9.4768349586619,7.299513561255851e-05,2458345.877400316,0.005543539340317307,0.0906501041985608,0.004625235898491346,0.05632567908187349,0.0006416303477205773,88.98904308948369,0.7545701582428755,0.4021648434922103,0.06575740468769793,57.50373726897666,23.76134510299769,2,02-Mar-2021 16:21:46,NASA
TOI-178 c,3.23847554806467,8.11300723715238e-06,2458741.47672868,0.000925212367784,0.037279743492464996,0.0019012531793479997,0.02172189908478,0.000452755729707,88.0116909906657,0.555377068405051,0.0,0.0,90.0,0.0,14,01-Mar-2021 15:54:31,NASA
TOI-178 f,15.232017417635815,7.144562737556073e-05,2458745.716996615,0.0018853148475947161,0.1050035409540513,0.005354894055117011,0.02950199544864945,0.0007188752370290246,88.89367661437392,0.05060269249721471,0.0,0.0,90.0,0.0,4,02-Mar-2021 16:23:27,NASA
TOI-178 g,20.70957841135501,0.00035634002625635806,2458748.031691645,0.006371143187856586,0.1311267751497536,0.006682532686209826,0.041970880896329665,0.0014361697547066216,88.86427442474377,0.04729524552873552,0.0,0.0,90.0,0.0,2,02-Mar-2021 16:43:16,NASA
TOI-237 b,5.436162108566848,1.6265049000254223e-05,2458697.723863746,0.0010605673280431821,0.03495488882522107,0.0017779061310843434,0.06885468219707368,0.0018458998845378835,89.03382795453608,0.7321805799442658,0.0,0.0,90.0,0.0,9,02-Mar-2021 11:47:19,NASA
TOI-270 b,3.36020663153694,3.12084094174053e-06,2458461.01878106,0.00044622288234900004,0.029768920832786,0.0015087630129770005,0.027021612904331,0.00022623854177200004,89.4460789134557,0.31108767153191397,0.0,0.0,90.0,0.0,30,27-Feb-2021 16:43:13,NASA
TOI-270 c,5.66057128476658,1.67760204515954e-06,2458463.08767249,0.000152134542394,0.045706532593141,0.0023513151553729997,0.05794399270823099,0.00027277814833999995,89.1658297094454,0.55698515026864,0.0,0.0,90.0,0.0,22,28-Feb-2021 23:49:07,NASA
TOI-270 d,11.379584194402339,7.010227877816793e-06,2458469.3355686073,0.0002762221661775788,0.07133640264355479,0.003649667873627644,0.0519105532552668,0.00038181015227744375,89.49425237282766,0.3217123375054897,0.0,0.0,90.0,0.0,10,02-Mar-2021 08:24:42,NASA
TOI-451 b,1.8584523159605402,4.01801463267289e-06,2458410.98759861,0.0009343101299869999,0.027451009622277,0.001402680092355,0.017869317084464,9.992971224748207e-05,84.9393276870951,0.191653539626398,0.0,0.0,90.0,0.0,39,27-Feb-2021 16:46:48,NASA
TOI-540 b,1.2391442604918,6.51578812563301e-07,2458411.82692685,0.00020910584332499999,0.011868252367075002,0.000605918155798,0.044082196448814996,0.0006970964541260001,86.582733283181,0.066763925163496,0.0,0.0,90.0,0.0,92,28-Feb-2021 07:42:56,NASA
TOI-561 b,0.4466144721895949,1.21001994716026e-05,2458517.50003076,0.000551841180261,0.010350751268316,0.000527201464466,0.014924447831639999,0.00037702867675900003,87.5392531773126,0.854762914608007,0.0,0.0,90.0,0.0,41,27-Feb-2021 01:39:57,NASA
TOI-561 c,10.7796945216345,0.0009596409508172617,2458527.0587566067,0.0015382961169437286,0.08702426840044565,0.004437496949210889,0.0298477243219808,0.0006698039296895732,89.93885362090931,0.5079209418880105,0.08266524378962756,0.0277557864104667,166.9893389870848,71.04906756344509,2,02-Mar-2021 16:26:54,NASA
TOI-561 d,25.618585901060424,0.002464882936807788,2458521.8837157264,0.0022663413106757285,0.1558058214886021,0.007947116954157995,0.0288563476287258,0.0007902851347658933,90.56418131561267,0.3328362812859765,0.1004657514790183,0.02480642516616989,231.79155638130314,56.715834988347844,1,02-Mar-2021 14:08:24,NASA
TOI-561 e,77.22022382164805,0.00733609675816336,2458538.17977212,0.0025462222037659645,0.32802033614332105,0.01670497431984204,0.026191664805881826,0.00045319758212387413,89.71530896675822,0.2298764994928955,0.09666560912663498,0.02666477808174519,192.23124210478957,72.85853520305186,1,02-Mar-2021 14:14:48,NASA
TOI-700 c,16.0511540105343,1.40265388703431e-05,2458548.75305798,0.000274218168328,0.09404558989819199,0.004776790405742,0.055452431523587004,0.000721353631505,88.8195303501977,0.901977083474179,0.176410169038276,0.035813629742390996,37.28221001614521,29.221296615015397,20,28-Feb-2021 18:46:02,NASA
TOI-776 b,8.244643426884048,0.0009463182376864268,2458571.414484864,0.0013049847633400382,0.06577249077668602,0.003351104383223098,0.0293700938196607,0.0006558049014376336,90.03093827974457,0.3197985111735633,0.031217040404892493,0.022007325601846803,105.1175421136812,33.69549918729481,3,02-Mar-2021 16:39:46,NASA
TOI-776 c,15.660854862942422,0.0012254915355088202,2458572.5986298183,0.0012905240295506633,0.10124311150796912,0.005152559258461261,0.0352491601860064,0.0007814337749044402,89.41338048020296,0.6391569676104879,0.09322988379738006,0.01880870426932693,20.952055623024343,5.403066932184617,2,02-Mar-2021 15:01:16,NASA
TOI-824 b,1.3929707186040698,2.04482115329879e-05,2458639.6018027,0.000272920100636,0.022478111332982997,0.0011460626714870001,0.042132934660764,0.00017486784005099994,84.15431150639691,0.133504838611498,0.0,0.0,90.0,0.0,35,27-Feb-2021 19:59:21,NASA
TOI-892 b,10.62674126573621,8.317679863183135e-05,2458475.680699235,0.005790747621970402,0.09312236608300048,0.0047462783036669644,0.07733098399543112,0.00046936958195688895,89.97142968069254,0.4615771227204716,0.09282302699318118,0.01844614574227344,90.0,0.0,2,02-Mar-2021 16:59:29,NASA
TrES-3 b,1.30618661743101,3.49489662129115e-07,2454185.90989344,0.0012901192778120001,0.022371523467617994,0.00112513739205,0.17084984680214402,0.0015895436589280002,81.5140197557837,0.08549376192045402,0.0,0.0,533.411769048451,87.4641186475471,36,27-Feb-2021 11:23:22,NASA
WASP-3 b,1.8468337254746208,7.437871985200127e-07,2454640.653065815,0.0017626166442713004,0.03397017093120008,0.0017095291897067516,0.10593395049690868,0.00017875508969084924,84.30943742831664,0.13098983896299307,0.0,0.0,64.12326074801175,22.259071919129724,13,02-Mar-2021 12:22:25,NASA
WASP-4 b,1.3382306118667937,1.2225377125579706e-07,2455804.517354413,0.0002746357431747231,0.02226627344505093,0.0011191044994416054,0.1519956755655259,0.00023125058339874062,87.85374302736996,0.5909960725589882,0.0,0.0,282.1648861798604,69.51055761159157,49,02-Mar-2021 13:47:48,NASA
WASP-5 b,1.6284296333686799,2.95726323879992e-07,2454373.99786175,0.000792439639096,0.026104027049015002,0.001320080896504,0.109857787829268,0.000255240169299,86.2945083176737,0.308592756862908,0.099283235701306,0.018999755060499002,0.195433383751585,12.669419695073199,28,28-Feb-2021 10:26:56,NASA
WASP-12 b,1.09141766117049,7.32161009315207e-07,2456176.67160808,0.001787825629372,0.023449201208708997,0.0011924511744360001,0.117339534732481,0.000394660299554,83.50686789278059,0.572589171717187,0.02466361441089,0.016137099722744002,189.055855376311,106.11620926533101,21,01-Mar-2021 01:19:45,NASA
WASP-18 b,0.941452437198402,2.26637103055477e-08,2458375.16987874,1.1171080700649e-05,0.020078164820674,0.0010076583757739998,0.09894978380236501,5.6796557475945895e-05,83.9237101425587,0.104215487465346,0.0207483510694,0.0042887041362190004,273.971516720617,17.5954229431123,93,27-Feb-2021 14:10:28,NASA
WASP-19 b,0.788839574204594,4.05651504314091e-07,2455708.53265022,0.001461961001706,0.016868217889080002,0.0008483737965239999,0.152649592764572,0.000360427302769,79.9484395350425,0.147813154715048,0.001844996310336,0.0008967429404169998,332.51356321352404,56.83297599176821,29,28-Feb-2021 15:45:32,NASA
WASP-29 b,3.9227115626347513,6.503598380386442e-07,2455830.1886565867,0.0004888230603394191,0.04537964997009317,0.0022963730452805232,0.09662280358866014,0.00017251663352959733,90.20186477910572,0.3584836069055893,0.019828098022264682,0.00822809257291613,90.0,0.0,11,02-Mar-2021 04:53:48,NASA
WASP-33 b,1.21987144889969,1.56069292541624e-07,2454163.22160011,0.000594452089928,0.024224854413990003,0.001211265582215,0.108718911348744,3.17504492897858e-05,89.9977144868401,0.18362153134088505,0.0,0.0,90.0,0.0,17,01-Mar-2021 21:08:54,NASA
WASP-36 b,1.5373654522865805,1.31420439274981e-06,2455569.83857449,0.002527392928119,0.025816270098176,0.001307082091016,0.13759084755679502,0.0006094063606900001,82.82501617971771,0.125910698081899,0.00029281302053099997,0.006841340913752,90.0,0.0,12,01-Mar-2021 14:07:03,NASA
WASP-46 b,1.4303712354384899,3.30438247182573e-07,2455392.31758514,0.000762825055489,0.023417955216271002,0.001186856081277,0.140002051756307,0.000460847801979,82.9384968127401,0.12202994100486599,0.021834200787929005,0.009251303126959,90.0,0.0,35,27-Feb-2021 23:32:12,NASA
WASP-49 b,2.78173745818418,5.319395648847999e-07,2456267.68354164,0.000514584580114,0.036322805232555,0.0018289570956070002,0.11420157510486699,0.000265979213037,84.5388233510647,0.055506875101417,0.0,0.0,90.0,0.0,17,01-Mar-2021 08:08:42,NASA
WASP-50 b,1.9550935565214398,2.5034823772764394e-07,2455558.61163308,0.000420826066623,0.029209370017038997,0.0014698042424600001,0.137162434649631,0.000286010764982,84.6481706548598,0.06477245250876,0.026656412057407,0.004540265454078,3.5035494099202995,18.0234522154005,23,01-Mar-2021 05:07:55,NASA
WASP-53 b,3.30984293795772,9.55587250408836e-07,2455943.56754979,0.000808211581803,0.039392185990046,0.001994597305215,0.13232532649166198,0.0004597149299750001,86.6888784301012,0.075139779613466,0.0032883236469159996,0.006424814390393001,90.0,0.0,13,01-Mar-2021 22:12:39,NASA
WASP-62 b,4.411937221097,2.07205837969743e-07,2455855.39398226,0.000136704703254,0.056571577752376014,0.002830054547859,0.109782753277333,5.0622108933519503e-05,89.63522691649771,0.270062258288532,0.0,0.0,90.0,0.0,102,27-Feb-2021 15:16:07,NASA
WASP-63 b,4.37808480691345,1.2853296471278601e-06,2455921.65154258,0.000896399468639,0.057452947126741,0.0029020523874259997,0.077537509888152,0.00016152558860699998,88.94506314205691,0.468218867035466,0.0,0.0,90.0,0.0,21,28-Feb-2021 20:49:18,NASA
WASP-64 b,1.57328966601022,4.0131168055326794e-07,2455582.6031826,0.000832659159079,0.027310226099432004,0.001382008807969,0.122754391590717,0.00037722366591900016,87.3553218996661,0.275274322505041,0.0,0.0,90.0,0.0,42,27-Feb-2021 05:54:51,NASA
WASP-78 b,2.17518498778281,7.31110477900167e-07,2456139.03092599,0.000946828859667,0.037607229200249996,0.001895097931411,0.086765803119107,0.000173331940556,80.63110571873901,0.21924670098017998,0.0,0.0,90.0,0.0,33,28-Feb-2021 14:54:09,NASA
WASP-82 b,2.7057883258027493,2.9390369655754995e-06,2456157.9867918515,0.002485190072513815,0.043335055682154636,0.0021689052666147173,0.07644171828241351,9.492997017930362e-05,90.04514479575369,0.4912932178842162,0.0,0.0,90.0,0.0,10,02-Mar-2021 12:55:14,NASA
WASP-87 b,1.6827926922260201,1.6771919496682801e-06,2457082.07826497,0.0015095783438439998,0.030338922734637,0.001529840632871,0.088611086077566,0.000174710458846,81.88762543816529,0.17446909995366294,0.0,0.0,90.0,0.0,28,28-Feb-2021 06:41:26,NASA
WASP-91 b,2.79857874205073,3.569324102047589e-07,2456297.71986044,0.000321963168385,0.037396119374164996,0.00188894516966,0.12038263722387404,0.00027005396889999997,87.3436402737788,0.102902521497731,0.0,0.0,90.0,0.0,26,28-Feb-2021 21:15:13,NASA
WASP-95 b,2.18466609609289,1.85106274440695e-07,2456338.45969352,0.00019585293939900002,0.034014355292957,0.001709990112213,0.101748298459146,0.000137592225455,86.0249940899993,0.129880243667115,0.0,0.0,90.0,0.0,22,28-Feb-2021 23:17:29,NASA
WASP-97 b,2.072759611056658,1.820082082966316e-07,2456438.1878902717,0.0001965245919689545,0.03225994156007777,0.0016224088877708825,0.10818527199479,0.00015966615746468025,86.89557566789793,0.1524882542924068,0.0,0.0,90.0,0.0,22,02-Mar-2021 01:15:37,NASA
WASP-100 b,2.84938352268916,2.43725755800133e-07,2457298.11744879,0.00012729587915399999,0.04194707404392298,0.0020975636423120002,0.08222655821249901,4.52265181980375e-05,85.4985339127624,0.019138899353507,0.0,0.0,90.0,0.0,165,01-Mar-2021 19:06:48,NASA
WASP-106 b,9.289742567311183,2.4936037694512594e-05,2456649.543302141,0.005109462351771259,0.08649112614766116,0.004348138992557515,0.07331344327601051,0.00045551037126424884,90.04049434893622,0.16896756779120098,0.0,0.0,90.0,0.0,3,02-Mar-2021 19:04:21,NASA
WASP-119 b,2.49980574560572,2.751482904580961e-07,2456537.54887881,0.00024376861359799997,0.037181328554886005,0.0018946979664349998,0.11214901706245696,0.000151526955155,89.5281687269964,0.29559028344812,0.10168686643931699,0.010552111181395001,90.0,0.0,99,28-Feb-2021 01:34:39,NASA
WASP-120 b,3.61126872184799,1.05788604969595e-06,2456779.43529048,0.000615403931901,0.052388082325032996,0.00265544890352,0.074477401508284,0.00022021687035200002,82.95261947328771,0.133071902456226,0.12855227465639002,0.013424997376146998,63.239033519577895,6.06351863017314,27,28-Feb-2021 21:38:24,NASA
WASP-121 b,1.2749239399964098,8.2675548487125e-08,2456635.7094156,0.000149285804566,0.025748610429313,0.0012876725051960002,0.12113492344385901,6.311922927641341e-05,89.9745933333148,0.3839262610818749,0.0,0.0,90.0,0.0,37,27-Feb-2021 13:11:39,NASA
WASP-123 b,2.977644963754,1.38730045342906e-06,2456845.17070898,0.000978448549722,0.044219443119394006,0.002227463377841,0.10988332870692698,0.000224869530542,86.3821213759745,0.10271822747469,0.0,0.0,90.0,0.0,16,01-Mar-2021 11:13:56,NASA
WASP-126 b,3.28878665465002,3.564106701227e-07,2459176.02792363,5.536234939422421e-05,0.045660858605689005,0.0023318619645879995,0.07742917537952901,5.74647435385439e-05,89.991930001507,0.45699645675013795,0.024768149536539,0.010926762808627,90.0,0.0,141,01-Mar-2021 20:38:52,NASA
WASP-129 b,5.748130070227626,1.80491148063234e-05,2457027.4397654855,0.004862528669877368,0.06176026084181131,0.0031475244446421253,0.10711330010582497,0.000922113455402535,87.87928320933426,0.1842260928264906,0.13237860296698878,0.03085911529061185,90.0,0.0,4,02-Mar-2021 19:19:43,NASA
WASP-130 b,11.551023967632355,3.809243580813633e-05,2456921.1361646443,0.005567595011864436,0.1037045993233523,0.005290489217148564,0.09684141057750158,0.000500978543591613,88.80875616388785,0.05361548643827512,0.0,0.0,90.0,0.0,2,02-Mar-2021 15:39:26,NASA
WASP-132 b,7.133518695723756,2.263331926610391e-05,2456698.206521715,0.0060602576885506534,0.06719599186418858,0.0033837071483435234,0.12572745436676985,0.0005431154696663432,89.88648060137388,0.28305844830409604,0.0,0.0,90.0,0.0,2,02-Mar-2021 19:11:47,NASA
WASP-138 b,3.63444285436481,1.63526398175486e-06,2457326.61765541,0.0007126247057569999,0.047564623275614996,0.0023818495414570004,0.086590930634923,0.00021241549055300005,89.87068143885142,0.316457920982024,0.0,0.0,90.0,0.0,11,01-Mar-2021 21:44:11,NASA
WASP-140 b,2.23598226207043,1.83624075699846e-07,2456912.35304442,0.000152692262452,0.032019713832079,0.0016268096990290002,0.15308117864926002,0.000185389680152,83.3118668631673,0.123240111430496,0.054213013515670004,0.009364033586136999,90.0,0.0,30,28-Feb-2021 04:21:50,NASA
WASP-142 b,2.052870977129252,5.5906777131935416e-06,2457007.7796523063,0.004080048328837646,0.03546787267953145,0.0018055269356075628,0.102460332682731,0.001297771610277012,80.59868142444294,0.1963254778000539,0.0,0.0,90.0,0.0,10,02-Mar-2021 07:04:29,NASA
WASP-144 b,2.278321010522651,4.035410143147475e-06,2457157.2692123395,0.0033879100207995505,0.030483417315806977,0.0015572755628781695,0.10944878135679804,0.0007025529018987991,86.42586375280744,0.1732283603041591,0.0,0.0,90.0,0.0,9,02-Mar-2021 09:20:35,NASA
WASP-156 b,3.836160405071543,1.0389920794198296e-06,2454677.7158207586,0.001124232965316611,0.04612783936517378,0.002332465846102825,0.06661277258975752,0.00026369253616935777,90.06981975703529,0.4777103949649101,0.003830586008145379,0.0033121060883694754,90.0,0.0,12,02-Mar-2021 03:50:42,NASA
WASP-160 B b,3.7684959843874046,5.687214949286623e-06,2457383.654269548,0.0027291982563544138,0.04587370098132139,0.002333927128498659,0.13223160769529785,0.0005324648187549528,89.05719037996845,0.5525996898733466,0.0,0.0,90.0,0.0,12,02-Mar-2021 03:44:18,NASA
WASP-167 b,2.0219600340313604,1.9295061693184325e-06,2456592.464203864,0.0019039767031404488,0.03637430932895448,0.0018436788503750415,0.09791167246637804,0.00028026546481956167,80.2741022998535,0.15480481000449814,0.0,0.0,90.0,0.0,10,02-Mar-2021 07:15:29,NASA
XO-7 b,2.86412879651613,4.43705444322182e-06,2457917.47785657,0.001684373945847,0.042869640637998,0.002158857966724,0.09429845859081,0.00021909929054299998,83.092849101148,0.076774278547539,0.004921672320339,0.005908470172953,90.0,0.0,17,01-Mar-2021 13:15:27,NASA
