TIC ID,Products,Exoplanet
25063396,11,
25065290,11,
25065357,11,
25115993,11,
25116013,11,
25133966,11,
25134442,11,
25194844,11,
29762098,11,
29781591,11,
29925818,11,
30108310,11,
30274184,11,
30315127,11,
30466249,11,
30466384,11,
30470531,11,
30631330,11,
30642087,11,
30758948,11,
30851433,11,
31108321,11,
31177972,11,
31380847,11,
31412505,11,
31925538,11,
31927068,11,
31929321,11,
31943231,11,
31945490,11,
31945773,11,
31960109,11,
31960529,11,
31960580,11,
31963132,11,
31963524,11,
31998443,11,
32000460,11,
32068755,11,
32068795,11,
32069304,11,
32072079,11,
32090064,11,
32093131,11,
32151066,11,
32151781,11,
32151799,11,
33716474,11,
33717509,11,
33734143,11,
33735178,11,
33767826,11,
33832107,11,
33834757,11,
33834805,11,
33864553,11,
33864849,11,
33866571,11,
33877176,11,
38396606,11,
38396965,11,
38424405,11,
38460465,11,
38461195,11,
38466803,11,
38507576,11,
38510324,11,
38518773,11,
38518913,11,
38573584,11,
38573641,11,
38574033,11,
38585015,11,
38632461,11,
38632722,11,
38632730,11,
38633445,11,
38696692,11,
38707949,11,
38708024,11,
38812902,11,
38813099,11,
38828707,11,
38843897,11,
38878468,11,
38941401,11,
40277178,11,
40666800,11,
40799637,11,
40800142,11,
40971930,11,
41032824,11,
41109842,11,
41173156,11,
41256040,11,
41260743,11,
41482876,11,
41590169,11,
41594564,11,
55272119,11,
55291551,11,
55383589,11,
55400333,11,
55401985,11,
55480220,11,
55523992,11,
55559135,11,
55602559,11,
55606169,11,
55659311,11,
55756813,11,
55783426,11,
139369634,11,
140578606,11,
140595953,11,
140597353,11,
140796854,11,
140968260,11,
141030721,11,
141092369,11,
141127253,11,
141154115,11,
141186325,11,
141268605,11,
141334555,11,
141334793,11,
141412290,11,
141423033,11,
141423812,11,
141428620,11,
141482802,11,
141610916,11,
141625559,11,
141625605,11,
141714191,11,
141867895,11,
141909444,11,
141945750,11,
141974066,11,
141974495,11,
141977795,11,
141979579,11,
141980295,11,
142019171,11,
142051786,11,
142081602,11,
142083629,11,
142085569,11,
142104686,11,
142110536,11,
142148228,11,
149036758,11,
149039116,11,
149039308,11,
149059950,11,
149107585,11,
149124536,11,
149158724,11,
149158789,11,
149177049,11,
149216864,11,
149217342,11,
149218072,11,
149251443,11,
149251611,11,
149251911,11,
149274422,11,
149303648,11,
149346675,11,
149350447,11,
149388641,11,
149393781,11,
149394257,11,
149445580,11,
149497904,11,
149501485,11,
149539016,11,
149539621,11,
149542709,11,
149572646,11,
149598676,11,
149599971,11,
149601140,11,
149625254,11,
149664254,11,
149665462,11,
149902176,11,
149914697,11,
149931754,11,
149933776,11,
149933986,11,
149934431,11,
149935043,11,
149975922,11,
149976395,11,
149989535,11,
149992221,11,
149993720,11,
150062772,11,
150063580,11,
150068381,11,
150098979,11,
150106948,11,
150107176,11,
150144570,11,
150144941,11,
150145438,11,
150145456,11,
150185586,11,
150188071,11,
150246394,11,
150275459,11,
150296560,11,
150324656,11,
150324787,11,
150355764,11,
150361104,11,
150361803,11,
150389760,11,
150443046,11,
160472514,11,
160488140,11,
160491524,11,
160520118,11,
160534848,11,
160535421,11,
160583570,11,
160583993,11,
160585543,11,
160599479,11,
160601436,11,
160601539,11,
160601962,11,
160601980,11,
160602230,11,
160602772,11,
160602798,11,
160602888,11,
160603620,11,
160603693,11,
160604543,11,
160604654,11,
160617891,11,
165497850,11,
165529451,11,
165529484,11,
165530589,11,
165550566,11,
165551262,11,
165551380,11,
165551886,11,
165553033,11,
165553836,11,
165555225,11,
165555520,11,
166969516,11,
166975502,11,
166975595,11,
167004593,11,
167006262,11,
167006919,11,
167007932,11,
167008987,11,
167010740,11,
167011964,11,
167042054,11,
167085372,11,
167121581,11,
167123841,11,
167166946,11,
167167306,11,
167167844,11,
167169234,11,
167303666,11,
167306166,11,
167338701,11,
167343133,11,
167343765,11,
167367933,11,
167368506,11,
167524310,11,
167524340,11,
167524365,11,
167526476,11,
167527371,11,
167551581,11,
167603285,11,
167603396,11,
167652166,11,
167656297,11,
167695122,11,
167720130,11,
167720952,11,
167721057,11,
167749916,11,
167888006,11,
167895487,11,
176875333,11,
176936580,11,
176954655,11,
176958411,11,
176960094,11,
176980995,11,
177019332,11,
177032912,11,
177034802,11,
177036523,11,
177038190,11,
177075958,11,
177077527,11,
177078853,11,
177113114,11,
177114979,11,
177115013,11,
177115492,11,
177118942,11,
177163233,11,
177163235,11,
177163429,11,
177165867,11,
177180032,11,
177241128,11,
177255509,11,
177256886,11,
177256965,11,
177258092,11,
177284702,11,
177285265,11,
177308676,11,
177309573,11,
177353341,11,
177386579,11,
177389261,11,
179043292,11,
179438607,11,
179439249,11,
179639063,11,
198159165,11,
198159527,11,
198159633,11,
198161157,11,
198161957,11,
198161978,11,
198162530,11,
198176724,11,
198177008,11,
198179808,11,
198180316,11,
198180690,11,
198180712,11,
198181354,11,
198182602,11,
198182603,11,
198184006,11,
198184195,11,
198185064,11,
198187008,11,
198187317,11,
198187563,11,
198190160,11,
198208765,11,
198209547,11,
198210974,11,
198235884,11,
198240299,11,
198240464,11,
198242334,11,
198242745,11,
198278424,11,
198279609,11,
198279711,11,
198279826,11,
198279926,11,
198279946,11,
198279995,11,
198280388,11,
198281243,11,
198281815,11,
198281945,11,
198353866,11,
198353919,11,
198357134,11,
198357224,11,
198357383,11,
198357756,11,
198357824,11,
198358201,11,
198360971,11,
198361505,11,
198364270,11,
198365600,11,
198365901,11,
198366297,11,
198366332,11,
198366429,11,
198366558,11,
198382150,11,
198383981,11,
198387299,11,
198420284,11,
198457457,11,
198459133,11,
198479501,11,
199524246,11,
199526445,11,
199526452,11,
199547911,11,
199549679,11,
199574692,11,
199607751,11,
199610621,11,
199610706,11,
199610766,11,
199613875,11,
199617159,11,
199617178,11,
199617352,11,
199666719,11,
199686461,11,
199709235,11,
199710127,11,
199712989,11,
199713440,11,
199714039,11,
199714061,11,
199715780,11,
207493775,11,
207493901,11,
207497114,11,
219090281,11,
219090355,11,
219092312,11,
219099171,11,
219105888,11,
219105944,11,
219106078,11,
219108187,11,
219108912,11,
219109618,11,
219110155,11,
219112910,11,
219112937,11,
219117614,11,
219144928,11,
219206484,11,
219429062,11,
219429236,11,
219740650,11,
219742409,11,
219750378,11,
219750901,11,
219751163,11,
219753167,11,
219754045,11,
219755548,11,
219756138,11,
219756788,11,
219757469,11,
219758536,11,
219760573,11,
219761293,11,
219761807,11,
219761825,11,
219762465,11,
219762708,11,
219765170,11,
219765652,11,
219765758,11,
219771711,11,
219771875,11,
219773944,11,
219773961,11,
219774920,11,
219778773,11,
219778840,11,
219779375,11,
219779655,11,
219787696,11,
219788053,11,
219791033,11,
219791066,11,
219791988,11,
219792132,11,
219792161,11,
219792306,11,
219792330,11,
219795383,11,
219795960,11,
219796423,11,
219796429,11,
219797791,11,
219800321,11,
219800534,11,
219801023,11,
219802774,11,
219804674,11,
219804982,11,
219805525,11,
219806074,11,
219809022,11,
219810107,11,
219810111,11,
219811064,11,
219811092,11,
219811394,11,
219811568,11,
219811619,11,
219812327,11,
219812966,11,
219813604,11,
219814280,11,
219814336,11,
219814440,11,
219815833,11,
219816058,11,
219816797,11,
219817268,11,
219817433,11,
219817815,11,
219818889,11,
219819314,11,
219819462,11,
219821937,11,
219822382,11,
219822384,11,
219844197,11,
219844820,11,
219845310,11,
219845981,11,
219846123,11,
219846230,11,
219846818,11,
219849228,11,
219854987,11,
219855010,11,
219858309,11,
219860712,11,
219863949,11,
219865258,11,
219867620,11,
219868884,11,
219872444,11,
219872479,11,
219873323,11,
219873515,11,
219877043,11,
219877628,11,
219877950,11,
219878788,11,
219879989,11,
219880402,11,
219880891,11,
219880902,11,
219881066,11,
219881072,11,
219881125,11,
219883898,11,
219884489,11,
219892516,11,
219892705,11,
219893086,11,
219893265,11,
219894651,11,
219894715,11,
219894728,11,
219896037,11,
219896231,11,
219896547,11,
219898343,11,
219898822,11,
219898841,11,
219898924,11,
219899292,11,
219899295,11,
219900191,11,
220392644,11,
220395106,11,
220420859,11,
220424200,11,
220424315,11,
220424323,11,
220427527,11,
220427721,11,
220454984,11,
220454990,11,
220458139,11,
220459826,11,
220460307,11,
220471131,11,
220471204,11,
220473131,11,
220473234,11,
220474943,11,
220476416,11,
220476769,11,
220478259,11,
220478335,11,
224596017,11,
224596075,11,
224597987,11,
224604816,11,
224608302,11,
224608312,11,
224608361,11,
224608402,11,
229402092,11,
229402125,11,
229411011,11,
229412511,11,
229436791,11,
229438448,11,
229440229,11,
229440321,11,
229440557,11,
229442487,11,
229445805,11,
229448535,11,
229448538,11,
229448563,11,
229448844,11,
229449321,11,
229454007,11,
229454246,11,
229455001,11,
229459070,11,
229482394,11,
229483270,11,
229497183,11,
229580016,11,
229580412,11,
229580535,11,
229580544,11,
229581466,11,
229582596,11,
229582807,11,
229583294,11,
229583612,11,
229589737,11,
229590038,11,
229590398,11,
229594485,11,
229595921,11,
229596879,11,
229598224,11,
229605187,11,
229606077,11,
229609136,11,
229609179,11,
229611412,11,
229611466,11,
229612173,11,
229614485,11,
229615553,11,
229615572,11,
229615589,11,
229617501,11,
229618115,11,
229618154,11,
229618802,11,
229618806,11,
229619445,11,
229639192,11,
229639375,11,
229641091,11,
229641819,11,
229641974,11,
229642505,11,
229642722,11,
229642734,11,
229643470,11,
229643655,11,
229643864,11,
229645158,11,
229651097,11,
229669559,11,
229669567,11,
229670886,11,
229673520,11,
229674906,11,
229675066,11,
229675164,11,
229689153,11,
229700019,11,
229700266,11,
229702499,11,
229703987,11,
229704090,11,
229704512,11,
229705038,11,
229705174,11,
229706848,11,
229707225,11,
229710150,11,
229710351,11,
229712437,11,
229713285,11,
229713319,11,
229714508,11,
229715383,11,
229715404,11,
229715473,11,
229738635,11,
229739694,11,
229739823,11,
229739859,11,
229740993,11,
229742722,11,
229743039,11,
229743729,11,
229743813,11,
229745033,11,
229745140,11,
229746027,11,
229747669,11,
229748103,11,
229749266,11,
229750658,11,
229750665,11,
229762152,11,
229764977,11,
229770452,11,
229770777,11,
229771639,11,
229775229,11,
229777206,11,
229777486,11,
229779553,11,
229782841,11,
229782843,11,
229784122,11,
229786610,11,
229787083,11,
229788552,11,
229789901,11,
229792387,11,
229797200,11,
229798009,11,
229798535,11,
229937722,11,
229938646,11,
229940532,11,
229941419,11,
229945408,11,
229949018,11,
229955423,11,
229961049,11,
229962295,11,
229963053,11,
229965650,11,
229967136,11,
229970818,11,
229974817,11,
229975325,11,
229975344,11,
229977459,11,
230001220,11,
230019779,11,
230023734,11,
230066846,11,
230067474,11,
230069191,11,
230069213,11,
230069215,11,
230069390,11,
230075248,11,
230075780,11,
230075971,11,
230078501,11,
230081205,11,
230081402,11,
230081493,11,
230081514,11,
230082562,11,
230082687,11,
230083841,11,
230083885,11,
230084273,11,
230085246,11,
230086524,11,
230086683,11,
230086955,11,
230087050,11,
230088527,11,
230088548,11,
230088867,11,
230089327,11,
230089384,11,
230090072,11,
230091069,11,
230091377,11,
230091380,11,
230092338,11,
230093027,11,
230111524,11,
230112913,11,
230114598,11,
230114620,11,
230116900,11,
230117022,11,
230118494,11,
230118997,11,
230122702,11,
230123389,11,
230123475,11,
230123494,11,
230124369,11,
230125546,11,
230126658,11,
230128474,11,
230129303,11,
230129363,11,
230129453,11,
230129975,11,
230131532,11,
230131545,11,
230131630,11,
230132420,11,
230134331,11,
230134366,11,
230134387,11,
230134468,11,
230135143,11,
230136275,11,
230136289,11,
230136294,11,
230137150,11,
230137379,11,
230375343,11,
230375418,11,
230380987,11,
230381544,11,
230386284,11,
230394694,11,
230395147,11,
230395228,11,
231071856,11,
231075681,11,
231089348,11,
231098372,11,
231099372,11,
231796489,11,
231796533,11,
232603239,11,
232605099,11,
232605150,11,
232605172,11,
232607203,11,
232609730,11,
232611387,11,
232613051,11,
232615325,11,
232617075,11,
232620922,11,
232623426,11,
232632979,11,
232640311,11,
232647621,11,
232648441,11,
232649744,11,
232649745,11,
232649837,11,
232671983,11,
232674891,11,
232983488,11,
232983576,11,
233006012,11,
233008451,11,
233008502,11,
233008811,11,
233008894,11,
233010858,11,
233045685,11,
233048469,11,
233053168,11,
233053435,11,
233053492,11,
233055008,11,
233058441,11,
233060935,11,
233065340,11,
233067089,11,
233068870,11,
233071322,11,
233074272,11,
233075841,11,
233076052,11,
233079504,11,
233080541,11,
233081226,11,
233081670,11,
233081673,11,
233081745,11,
233084447,11,
233084587,11,
233086272,11,
233086534,11,
233087027,11,
233087046,11,
233087236,11,
233087395,11,
233088505,11,
233088548,11,
233088776,11,
233088905,11,
233089202,11,
233089750,11,
233090182,11,
233092824,11,
233093016,11,
233093251,11,
233093355,11,
233093637,11,
233093704,11,
233093949,11,
233094169,11,
233094446,11,
233094762,11,
233095090,11,
233096788,11,
233098331,11,
233098598,11,
233098914,11,
233121789,11,
233121908,11,
233122592,11,
233125189,11,
233127847,11,
233128511,11,
233128614,11,
233128719,11,
233128986,11,
233130512,11,
233152518,11,
233153219,11,
233158000,11,
233158114,11,
233158127,11,
233158270,11,
233158311,11,
233159009,11,
233193908,11,
233193964,11,GJ 687 b
233194878,11,
233195546,11,
233196419,11,
233197293,11,
233197921,11,
233198578,11,
233199086,11,
233199099,11,
233199292,11,
233199626,11,
233201130,11,
233201785,11,
233202555,11,
233203092,11,
233205846,11,
233206585,11,
233206916,11,
233207883,11,
233208007,11,
233208220,11,
233208285,11,
233208438,11,
233208532,11,
233209240,11,
233211303,11,
233211748,11,
233211759,11,
233211762,11,
233212372,11,
233212451,11,
233212628,11,
233212710,11,
233212727,11,
233231885,11,
233234082,11,
233234460,11,
233234793,11,
233234922,11,
233235752,11,
233235970,11,
233236139,11,
233238668,11,
233238892,11,
233495044,11,
233495065,11,
233496406,11,
233496887,11,
233497818,11,
233497870,11,
233498293,11,
233499061,11,
233499404,11,
233500642,11,
233501933,11,
233502254,11,
233502816,11,
233503400,11,
233503435,11,
233503533,11,
233504081,11,
233504734,11,
233504762,11,
233504880,11,
233525119,11,
233527600,11,
233528306,11,
233531272,11,
233531285,11,
233531296,11,
233537201,11,
233537455,11,
233537786,11,
233571681,11,
233573215,11,
233605079,11,
233606245,11,
233609495,11,
233610258,11,
233611169,11,
233611282,11,
233612519,11,
233614532,11,
233616461,11,
233617847,11,
233617950,11,
233619795,11,
233631527,11,
233631664,11,
233631689,11,
233633066,11,
233656965,11,
233656978,11,
233657068,11,
233657572,11,
233657878,11,
233658025,11,
233658515,11,
233658805,11,
233659054,11,
233660408,11,
233680809,11,
233681149,11,
233681572,11,
233681658,11,
233682461,11,
233682504,11,
233682614,11,
233684978,11,
233689439,11,
233689607,11,
233691061,11,
233692083,11,
233712781,11,
233713375,11,
233715668,11,
233716267,11,
233717066,11,
233721324,11,
233721425,11,42 Dra b
233721512,11,
233721859,11,
233725830,11,
233725961,11,
233727422,11,
233727455,11,
233727478,11,
233731853,11,
233732464,11,
233732694,11,
233737354,11,
233738348,11,
233738458,11,
233738596,11,
233740053,11,
233740173,11,
233743348,11,
233743475,11,
233744887,11,
233745175,11,
235674456,11,
235674701,11,
235675539,11,
235676989,11,
235678810,11,
235679398,11,
235683964,11,
235686435,11,
235686956,11,
235687447,11,
236757919,11,
236758071,11,
236758288,11,
236758289,11,
236758399,11,
236758438,11,
236760648,11,
236760750,11,
236761213,11,
236761237,11,
236761574,11,
236762352,11,
236762803,11,
236762849,11,
236763290,11,
236765333,11,
236766076,11,
236766358,11,
236767090,11,
236767740,11,
236767893,11,
236770234,11,
236770828,11,
236770905,11,
236772663,11,
236779163,11,
236780068,11,
236785731,11,
236787571,11,
236788256,11,
236815646,11,
236817427,11,
236817455,11,
237102376,11,
237103581,11,
237104391,11,
237115309,11,
237197475,11,
237199217,11,
237202042,11,
237202269,11,
237206223,11,
237207312,11,
237215078,11,
237218644,11,
237220527,11,
237233875,11,
237233879,11,
237234188,11,
237235847,11,
237251983,11,
237251986,11,
237255586,11,
237279894,11,
237285384,11,
237285903,11,
237285961,11,
237291021,11,
237291130,11,
237291761,11,
237292152,11,
237920279,11,
237920961,11,
237927133,11,
237931174,11,
237932905,11,
237937112,11,
238181265,11,
238188583,11,
238189099,11,
238192857,11,
238192896,11,
238193200,11,
238196350,11,
243336701,11,
256298645,11,
256298875,11,
256298934,11,
256322360,11,
256615593,11,
257720104,11,
257720323,11,
258352939,11,
258353762,11,
258354317,11,
258355042,11,
258388363,11,
258390228,11,
258392844,11,
258462962,11,
258463028,11,
258701859,11,
258773112,11,
258776518,11,
258777271,11,
258777301,11,
258801436,11,
258803655,11,
258803822,11,
258804335,11,
258804430,11,
258827747,11,
258828187,11,
258830583,11,
258830594,11,
258870345,11,
258870522,11,
258872796,11,
258873573,11,
258873648,11,
258873708,11,
258874679,11,
258921839,11,
258922110,11,
258922285,11,
258922669,11,
258954539,11,
259001057,11,
259001401,11,
259002586,11,
259002783,11,
259004082,11,
259006014,11,
259035512,11,
259035810,11,
259037065,11,
259039631,11,
259097702,11,
259097836,11,
259097905,11,
259099044,11,
259099334,11,
259166108,11,
259166360,11,
259169317,11,
259169431,11,
259171045,11,
259236146,11,
259237271,11,
259269791,11,
260004559,11,
260004910,11,
260005298,11,
260045033,11,
260077230,11,
260161186,11,
260165092,11,
260165093,11,
260188153,11,
260188534,11,
260188537,11,
260189859,11,
260190161,11,
260193336,11,
260239097,11,
260239321,11,
260241844,11,
260268121,11,
260268381,11,
260269519,11,
260269822,11,
260414584,11,
260537783,11,
260607682,11,
260641076,11,
260655117,11,
260972843,11,
261059311,11,
261087832,11,
261105004,11,
261138271,11,
261155056,11,
261202918,11,
261205179,11,
261205462,11,
261261283,11,
262610117,11,
262612391,11,
264171144,11,
264172684,11,
264216967,11,
264221508,11,
264249718,11,
264300312,11,
264303333,11,
267544059,11,
267544200,11,
268055518,11,
269594630,11,
269595915,11,
269661731,11,
269661912,11,
269664492,11,
269666553,11,
269666588,11,
269666601,11,
269666869,11,
269697057,11,
269700406,11,
269700886,11,
269794986,11,
269850106,11,
270424243,11,
270557659,11,
270573412,11,
270627594,11,
270677163,11,
270677372,11,
271576016,11,
271643418,11,
271723666,11,
271796176,11,
271796731,11,
271807116,11,
271807419,11,
271891933,11,
271903095,11,
271903417,11,
271972896,11,
271973682,11,
271973774,11,
271977113,11,
271999105,11,
271999903,11,
272002791,11,
272004724,11,
272089183,11,
272188971,11,
272189927,11,
272194505,11,
272232884,11,
272320910,11,
272550198,11,
272550324,11,
272759917,11,
272781244,11,
272781325,11,
272781335,11,
272781624,11,
272781944,11,
272783172,11,HD 143105 b
272783635,11,
272783638,11,
272784026,11,
272785018,11,
272785825,11,
272786439,11,
272786548,11,
272887839,11,
275688978,11,
275692107,11,
277025799,11,
277099094,11,
277103752,11,
277300924,11,
278055130,11,
278078825,11,
278081700,11,
278728765,11,
278729713,11,
278823339,11,
278824686,11,
278861868,11,
278862900,11,
278866220,11,
279053964,11,
279054186,11,
279088163,11,
279090002,11,
279090383,11,
279091008,11,
279091054,11,
279093407,11,
279159155,11,
279159241,11,
279160404,11,
279218051,11,
279249728,11,
279251861,11,
279355764,11,
279359927,11,
279361366,11,
279424653,11,
279425539,11,
279477611,11,
279482117,11,
279569707,11,
279569718,11,
279569731,11,
279572906,11,
279613634,11,
279949279,11,
279950423,11,
279950551,11,
279955276,11,
279957399,11,
279980795,11,
279981514,11,
279983256,11,
280032783,11,
280033121,11,
280033934,11,
280035689,11,
280068700,11,
280068946,11,
280068959,11,
280069113,11,
280069218,11,
280074757,11,
280075093,11,
280161519,11,
280162266,11,
280163863,11,
280165494,11,
281575623,11,
281582749,11,
284194284,11,
284479408,11,
284479750,11,
284891200,11,
287079885,11,
287080092,11,
287085647,11,
287086228,11,
287086774,11,
287137719,11,
287138506,11,
287150126,11,
287150168,11,
287150240,11,
287151447,11,
287151570,11,
287195989,11,
287196041,11,
287350461,11,
287350462,11,
287428978,11,
288299155,11,
288300744,11,
288347732,11,
288381275,11,
288382509,11,
288382679,11,
288382739,11,
288382830,11,
288391863,11,
288405654,11,
288405672,11,
288405772,11,
288407295,11,
288407499,11,
288428750,11,
288430394,11,
288510440,11,
288524055,11,
288599646,11,
288601649,11,
288609401,11,
288611263,11,
288634241,11,
288636381,11,
289538241,11,
289538721,11,
289540372,11,
289570571,11,
289571095,11,
289571829,11,
289572288,11,
289580357,11,
289582416,11,
289582435,11,
289582472,11,
289590203,11,
289621919,11,
289622132,11,
289623211,11,
289624192,11,
290654532,11,
293218474,11,
293346194,11,
293971351,11,
294053293,11,
294092960,11,
294092998,11,
294093824,11,
294204563,11,
294208238,11,
294328421,11,
294399474,11,
294669253,11,
294747930,11,
294782174,11,
294872166,11,
294874474,11,
295073682,11,
298289582,11,
298666530,11,
298733302,11,
298781775,11,
299832484,11,
299897992,11,
299898372,11,
299945072,11,
300033290,11,
300036180,11,
300036391,11,
300037384,11,
300088803,11,
300089148,11,
300090645,11,
300137488,11,
300137648,11,
300163348,11,
300163456,11,
300164609,11,
300164610,11,
300241864,11,
300241889,11,
300287949,11,
300291282,11,
300324030,11,
300324082,11,
300324587,11,
300380146,11,
300380255,11,
300381406,11,
300381614,11,
300447314,11,
300513188,11,
300514512,11,
300562712,11,
300605866,11,
300704368,11,
300704414,11,
300741425,11,
300745960,11,
306577943,11,
306637962,11,
306735585,11,
306772269,11,
306773635,11,
306773646,11,
306779496,11,
306822783,11,
306830024,11,
306930089,11,
306934657,11,
307031724,11,
307087642,11,
307157616,11,
307158170,11,
307158324,11,
307214209,11,
307955457,11,
307956653,11,
307957392,11,
307985337,11,
307986909,11,
308395911,11,
308396022,11,
308451526,11,
308451529,11,
308543986,11,
308662088,11,
309616652,11,
309616776,11,
309659145,11,
309700725,11,
309702975,11,
309754884,11,
309759365,11,
309792043,11,
311188656,11,
311233743,11,
311235273,11,
311236143,11,
311236278,11,
319257760,11,
319258493,11,
319258523,11,
320523622,11,
321600045,11,
321600875,11,
321601485,11,
326209538,11,
329153367,11,
329153604,11,
329154246,11,
332475874,11,
332478347,11,
334677728,11,
334678792,11,
334753537,11,
334754198,11,
334800400,11,
334831987,11,
334832268,11,
334832548,11,
335964858,11,
335966219,11,
336006563,11,
336008453,11,
336009034,11,
339771969,11,
341815715,11,
341818238,11,
341871585,11,
341872699,11,
341873045,11,
341874090,11,
341874424,11,
348795934,11,
348957754,11,
348995746,11,
348996026,11,
349055504,11,
349057168,11,
349059547,11,
349092937,11,
349093114,11,
349193923,11,
349305992,11,
349309647,11,
349309931,11,
349310543,11,
349371337,11,
349371640,11,
349409844,11,
349411828,11,
349413295,11,
349413469,11,
349482432,11,
349518800,11,
349524681,11,
349678942,11,
349790953,11,
350097169,11,
350099491,11,
350296838,11,
350333328,11,
350336553,11,
350336617,11,
350342848,11,
350345393,11,
350345404,11,
350430801,11,
350431142,11,
350432976,11,
350433272,11,
350433330,11,
350433778,11,
350443749,11,
350478801,11,
350479101,11,
350479471,11,
350520509,11,
350561409,11,
350581055,11,
350621055,11,
350711056,11,
350711233,11,
350740905,11,
350743714,11,
350953826,11,
352239833,11,
353778985,11,
353781241,11,
353807236,11,
353808489,11,
353818437,11,
353819595,11,
353819662,11,
353896849,11,
353988335,11,
356109440,11,
356109495,11,
356111753,11,
356700071,11,
356701798,11,
356735701,11,
356785736,11,
356785777,11,
356785943,11,
356786645,11,
356786818,11,
356821434,11,
356821497,11,
356822026,11,
356822524,11,
356861941,11,
356863815,11,
356871098,11,
356890981,11,
356891315,11,
356915123,11,
356918522,11,
356918880,11,
356918927,11,
356918994,11,
356919063,11,
356919872,11,
356977742,11,
356980178,11,
356980223,11,
356980226,11,
357033739,11,
357034990,11,
357035841,11,
357045419,11,
357045538,11,
357047278,11,
357097293,11,
357099156,11,
357100819,11,
357102127,11,
357526359,11,
357687777,11,
358153877,11,
358154471,11,
358336846,11,
358459207,11,
358510596,11,
358709960,11,
359389007,11,
359494447,11,
359496280,11,
359496368,11,
359496645,11,
359496682,11,
359496762,11,
359497149,11,
359555709,11,
359588615,11,
359629845,11,
359630204,11,
359630325,11,
359630474,11,
359634548,11,
359679515,11,
359679534,11,
359981627,11,
359981912,11,
360021329,11,
362104094,11,
362104394,11,
362104550,11,
362104766,11,
362132371,11,
362227254,11,
362257036,11,
364304225,11,
364306308,11,
364421326,11,
364541362,11,
364589257,11,
364591238,11,
364592438,11,
366489106,11,
366490487,11,
367838105,11,
367838797,11,
367839275,11,
367853801,11,
367853806,11,
367856050,11,
367856103,11,
367856531,11,
370040345,11,
370117637,11,
370224285,11,
370225718,11,
370234343,11,
372819328,11,
372848247,11,
372852125,11,
372910665,11,
373594771,11,
373602097,11,
373779371,11,
373844472,11,
373846140,11,
373921198,11,
374829238,11,
374859744,11,
374945124,11,
375032331,11,
375061802,11,
375093210,11,
376846937,11,
376848173,11,
376849183,11,
376849226,11,
376849647,11,
376867702,11,
376867808,11,
376869257,11,
376871394,11,
376881073,11,
376926169,11,
376926286,11,
376928547,11,
376985172,11,
376995369,11,
377017161,11,
377017226,11,
377052713,11,
377054755,11,
377099548,11,
377190658,11,
377251803,11,
377254390,11,
377784275,11,
381924855,11,
381952089,11,
381974261,11,
381974611,11,
381974776,11,
381975772,11,
381976323,11,
381977835,11,
382029529,11,
382102348,11,
382146692,11,
382148025,11,
382244898,11,
382247276,11,
382257554,11,
382258167,11,
382259746,11,
382266319,11,
382267747,11,
382268136,11,
382507922,11,
382519151,11,
382519218,11,
382572696,11,
382636263,11,
382636389,11,
383622424,11,
383622502,11,
383647032,11,
383648251,11,
388104525,11,WASP-119 b
388130306,11,
389438111,11,
389564031,11,
389625174,11,
389667736,11,
389790856,11,
389792790,11,
389796373,11,
389797076,11,
389865251,11,
389913879,11,
389921497,11,
389922104,11,
389922308,11,
389922504,11,
389970209,11,
391744540,11,
391744596,11,
391894459,11,
391900640,11,
391901448,11,
391902278,11,
391946816,11,
391948637,11,
392567622,11,
392569693,11,
392569763,11,
392569794,11,
394128380,11,
394128399,11,
394130811,11,
402659361,11,
403118278,11,
403118297,11,
404853236,11,
404853842,11,
406855226,11,
406855227,11,
407623738,11,
407633113,11,
407662961,11,
410486022,11,
410486289,11,
410488062,11,
417700658,11,
417735733,11,
420106897,11,
420106909,11,
420111273,11,
420111295,11,
420113738,11,
420129036,11,
420129277,11,
420129284,11,
420174351,11,
420176286,11,
420176656,11,
421335009,11,
422827966,11,
422828040,11,
422828136,11,
422989882,11,
424383790,11,
424384243,11,
424384466,11,
424384788,11,
424390936,11,
424464086,11,
424730711,11,
424731063,11,
424731131,11,
424731143,11,
424731682,11,
424731804,11,
441715832,11,
441715840,11,
441715987,11,
441716054,11,
441718041,11,
441718525,11,
441718542,11,
441718844,11,
441719443,11,
441720037,11,
441721258,11,
441721286,11,
441721594,11,
441722794,11,
441723333,11,
441724138,11,
441724181,11,
441724897,11,
441725050,11,
441726381,11,
441726485,11,
441727370,11,
441728318,11,
441729136,11,
441729162,11,
441729251,11,
441729756,11,
441730017,11,
441730095,11,
441730358,11,
441730672,11,
441730688,11,
441731804,11,
441734037,11,
441734099,11,
441734144,11,
441735115,11,
441735282,11,
441736057,11,
441736964,11,
441737126,11,
441737397,11,
441738060,11,
441738064,11,
441739020,11,
441739512,11,
441740296,11,
441740884,11,
441741016,11,
441741575,11,
441741594,11,
441741653,11,
441741702,11,
441741739,11,
441742421,11,
441742423,11,
441743003,11,
441760453,11,
441761174,11,
441762426,11,
441762443,11,
441762494,11,
441762909,11,
441763040,11,
441763065,11,
441763075,11,
441763983,11,
441766745,11,
441766827,11,
441788938,11,
441790556,11,
441790624,11,
441790929,11,
441790989,11,
441793044,11,
441793272,11,
441794133,11,
441794179,11,
441796342,11,
441796625,11,
441797946,11,
441798189,11,
441800250,11,
441800685,11,
441800756,11,
441801208,11,
441801515,11,
441801588,11,
441801911,11,
441802006,11,
441803643,11,
441803667,11,
441803688,11,
441803739,11,
441804055,11,
441804114,11,
441804565,11,psi 1 Dra B b
441804568,11,
441804674,11,
441807438,11,
441809446,11,
441811392,11,
441811408,11,
453079880,11,
453083093,11,
459968887,11,
459969037,11,
459970473,11,
459976125,11,
459976272,11,
459977686,11,
459977700,11,
459978172,11,
459978721,11,
459980851,11,
459981982,11,
459984201,11,
459984361,11,
462613877,11,
462615592,11,
462619597,11,
467180744,11,
471015213,11,
471015224,11,
1201247611,11,
1201307286,11,
1271218438,11,
1271325892,11,
1400934613,11,
1400989060,11,
1400994843,11,
1551506260,11,
1551555236,11,
1551749198,11,
1717994248,11,
1718128182,11,
1718128183,11,
1884524546,11,
